SET NAMES utf8mb4;
SET FOREIGN_KEY_CHECKS = 0;

CREATE TABLE IF NOT EXISTS tb_warehouse (
  id int(11) NOT NULL COMMENT '自增编号',
  warehouse_name varchar(255) binary NOT NULL COMMENT '合约仓库名',
  warehouse_name_en varchar(255) binary NOT NULL COMMENT '仓库名（英文）',
  type  int(11) NOT NULL COMMENT '仓库类型',
  warehouse_icon     mediumtext COMMENT '仓库图标（Base64）',
  description     mediumtext COMMENT '仓库描述(Base64)',
  description_en  mediumtext COMMENT '仓库描述（英文）(Base64)',
  warehouse_detail   mediumtext COMMENT '仓库详情',
  warehouse_detail_en   mediumtext COMMENT '仓库详情（英文）',
  create_time datetime DEFAULT NULL COMMENT '创建时间',
  modify_time datetime DEFAULT NULL COMMENT '修改时间',
  PRIMARY KEY (id),
  UNIQUE KEY uk_name(warehouse_name)
) ENGINE=InnoDB DEFAULT CHARSET=utf8 COMMENT='合约仓库';

CREATE TABLE IF NOT EXISTS tb_contract_folder (
  id int(11) NOT NULL COMMENT '自增编号',
  folder_name      varchar(255) binary NOT NULL COMMENT '合约目录名',
  description     mediumtext COMMENT '目录描述(Base64)',
  description_en  mediumtext COMMENT '目录描述（英文）(Base64)',
  folder_detail   mediumtext COMMENT '目录详情',
  folder_detail_en   mediumtext COMMENT '目录详情（英文）',
  create_time datetime DEFAULT NULL COMMENT '创建时间',
  modify_time datetime DEFAULT NULL COMMENT '修改时间',
  warehouse_id  int(11) NOT NULL COMMENT '合约仓库编号',
  PRIMARY KEY (id),
  UNIQUE KEY uk_name(warehouse_id,folder_name)
) ENGINE=InnoDB DEFAULT CHARSET=utf8 COMMENT='合约仓库目录';

CREATE TABLE IF NOT EXISTS tb_contract_item (
  id int(11) NOT NULL COMMENT '自增编号',
  contract_name varchar(255) binary NOT NULL COMMENT '合约名称',
  contract_source mediumtext COMMENT '合约源码(Base64)',
  description     mediumtext COMMENT '合约描述(Base64)',
  description_en  mediumtext COMMENT '合约描述（英文）(Base64)',
  create_time datetime DEFAULT NULL COMMENT '创建时间',
  modify_time datetime DEFAULT NULL COMMENT '修改时间',
  warehouse_id  int(11) NOT NULL COMMENT '合约仓库编号',
  contract_folder_id  int(11) NOT NULL COMMENT '合约目录编号',
  PRIMARY KEY (id),
  UNIQUE KEY uk_name(warehouse_id,contract_folder_id,contract_name)
) ENGINE=InnoDB DEFAULT CHARSET=utf8 COMMENT='合约仓库合约信息';


-- 插入默认数据 --

-- ----------------------------
-- 9、init contract warehouse data (tb_warehouse, tb_contract_folder, tb_contract_item)
-- ----------------------------
-- warehouse
INSERT INTO `tb_warehouse` (`id`, `warehouse_name`, `warehouse_name_en`, `type`, `warehouse_icon`, `description`, `description_en`, `warehouse_detail`, `warehouse_detail_en`, `create_time`, `modify_time`) VALUES
(1, '工具箱', 'Toolbox', 1, 'toolboxId', '工具箱中有常用的工具合约', 'Toolbox Contract suite', '工具箱中有常用的工具合约', 'Toolbox Contract suite', now(), now());
INSERT INTO `tb_warehouse` (`id`, `warehouse_name`, `warehouse_name_en`, `type`, `warehouse_icon`, `description`, `description_en`, `warehouse_detail`, `warehouse_detail_en`, `create_time`, `modify_time`) VALUES
(2, '存证应用', 'Evidence', 2, 'evidenceId', '一套区块链存证合约，实现区块链存证、取证', 'Evidence Contract suite', '一套区块链存证合约，实现区块链存证、取证', 'Evidence Contract suite', now(), now());
INSERT INTO `tb_warehouse` (`id`, `warehouse_name`, `warehouse_name_en`, `type`, `warehouse_icon`, `description`, `description_en`, `warehouse_detail`, `warehouse_detail_en`, `create_time`, `modify_time`) VALUES
(3, '积分应用', 'Points', 3, 'pointsId', '一套积分合约，具有积分相关的增发，销毁，暂停合约，黑白名单等权限控制等功能', 'Points Contract suite', '一套积分合约，具有积分相关的增发，销毁，暂停合约，黑白名单等权限控制等功能', 'Points Contract suite', now(), now());
INSERT INTO `tb_warehouse` (`id`, `warehouse_name`, `warehouse_name_en`, `type`, `warehouse_icon`, `description`, `description_en`, `warehouse_detail`, `warehouse_detail_en`, `create_time`, `modify_time`) VALUES
(4, 'SmartDev存证应用', 'Smart_Dev_Evidence', 4, 'evidenceId', 'Smart-Dev-Contracts仓库中的存证应用模板', 'Smart-Dev-Contract\'s Evidence Contract suite of business_template', 'Smart-Dev-Contracts仓库中的存证应用模板', 'Smart-Dev-Contract\'s Evidence Contract suite of business_template', now(), now());
-- folder
INSERT INTO `tb_contract_folder` (`id`, `warehouse_id`, `folder_name`, `description`, `description_en`, `folder_detail`, `folder_detail_en`, `create_time`, `modify_time`) VALUES
(1, 1, 'Tools', '工具箱中有常用的工具合约', 'Toolbox Contract suite', '工具箱中有常用的工具合约', 'Toolbox Contract suite', now(), now());
INSERT INTO `tb_contract_folder` (`id`, `warehouse_id`, `folder_name`, `description`, `description_en`, `folder_detail`, `folder_detail_en`, `create_time`, `modify_time`) VALUES
(2, 2, 'Evidence', '一套区块链存证合约，实现区块链存证、取证', 'Evidence Contract suite', '一套区块链存证合约，实现区块链存证、取证', 'Evidence Contract suite', now(), now());
INSERT INTO `tb_contract_folder` (`id`, `warehouse_id`, `folder_name`, `description`, `description_en`, `folder_detail`, `folder_detail_en`, `create_time`, `modify_time`) VALUES
(3, 3, 'Points', '一套积分合约，具有积分相关的增发，销毁，暂停合约，黑白名单等权限控制等功能', 'Points Contract suite', '一套积分合约，具有积分相关的增发，销毁，暂停合约，黑白名单等权限控制等功能', 'Points Contract suite', now(), now());
INSERT INTO `tb_contract_folder` (`id`, `warehouse_id`, `folder_name`, `description`, `description_en`, `folder_detail`, `folder_detail_en`, `create_time`, `modify_time`) VALUES
(4, 1, 'Smart_Dev_Basic', 'SmartDev基础合约，包含Table/KVTable/Sha/Crypto/HelloWorld等', 'Smart-Dev-Contract basic contract suite, including Table/KVTable/Sha/Crypto/HelloWorld etc.', 'SmartDev基础合约，包含Table/KVTable/Sha/Crypto/HelloWorld等', 'Smart-Dev-Contract default contract suite', now(), now());
INSERT INTO `tb_contract_folder` (`id`, `warehouse_id`, `folder_name`, `description`, `description_en`, `folder_detail`, `folder_detail_en`, `create_time`, `modify_time`) VALUES
(5, 4, 'Smart_Dev_Evidence', 'SmartDev存证合约案例', 'Smart-Dev-Contract Evidence contract suite', 'SmartDev存证合约案例', 'Smart-Dev-Contract Evidence contract suite', now(), now());

-- contract item
-- of contract source & md desc, including tools, evidence, points(BAC) --
-- tools --
INSERT INTO `tb_contract_item` (`id`, `warehouse_id`, `contract_folder_id`, `contract_name`, `contract_source`, `description`, `description_en`, `create_time`, `modify_time`) VALUES
(1, 1, 1, 'Address', 'cHJhZ21hIHNvbGlkaXR5IF4wLjQuMjQ7CgpsaWJyYXJ5IEFkZHJlc3MgewoKICAgIGZ1bmN0aW9uIGlzQ29udHJhY3QoYWRkcmVzcyBhZGRyKSBpbnRlcm5hbCB2aWV3IHJldHVybnMoYm9vbCkgewogICAgICAgIHVpbnQyNTYgc2l6ZTsKICAgICAgICBhc3NlbWJseSB7IHNpemUgOj0gZXh0Y29kZXNpemUoYWRkcikgfSAgCiAgICAgICAgcmV0dXJuIHNpemUgPiAwOwogICAgfQoKICAgIGZ1bmN0aW9uIGlzRW1wdHlBZGRyZXNzKGFkZHJlc3MgYWRkcikgaW50ZXJuYWwgcHVyZSByZXR1cm5zKGJvb2wpewogICAgICAgIHJldHVybiBhZGRyID09IGFkZHJlc3MoMCk7CiAgICB9Cn0=',
 'IyBBZGRyZXNzCgpBZGRyZXNzIGxpYnJhcnkKCkFkZHJlc3MgY29udHJhY3QgdXNhZ2UgbWV0aG9kcyBjYW4gcmVmZXIgdG8gdGhlIFBvaW50cyBjb250cmFjdCB3YXJlaG91c2XjgIIKCjEuIERldGVjdCB3aGV0aGVyIHRoZSBhZGRyZXNzIGlzIGEgY29udHJhY3QKMi4gRGV0ZWN0IGlmIHRoZSBhZGRyZXNzIGlzIDB4MA==', 'IyBBZGRyZXNzCgpBZGRyZXNzIGxpYnJhcnkKCkFkZHJlc3MgY29udHJhY3QgdXNhZ2UgbWV0aG9kcyBjYW4gcmVmZXIgdG8gdGhlIFBvaW50cyBjb250cmFjdCB3YXJlaG91c2XjgIIKCjEuIERldGVjdCB3aGV0aGVyIHRoZSBhZGRyZXNzIGlzIGEgY29udHJhY3QKMi4gRGV0ZWN0IGlmIHRoZSBhZGRyZXNzIGlzIDB4MA==', now(), now());
INSERT INTO `tb_contract_item` (`id`, `warehouse_id`, `contract_folder_id`, `contract_name`, `contract_source`, `description`, `description_en`, `create_time`, `modify_time`) VALUES
(2, 1, 1, 'LibString', 'Ci8qKgogKiBAZmlsZTogTGliU3RyaW5nCiAqIEBhdXRob3I6IGZpc2NvLWRldgogKiAKICogQGRhdGU6IDIwMTgKICovCgpwcmFnbWEgc29saWRpdHkgXjAuNC4xMTsKCmxpYnJhcnkgTGliU3RyaW5nIHsKICAgIAogICAgdXNpbmcgTGliU3RyaW5nIGZvciAqOwogICAgCiAgICBmdW5jdGlvbiBtZW1jcHkodWludCBkZXN0LCB1aW50IHNyYywgdWludCBsZW4pIHByaXZhdGUgewogICAgICAgIC8vIENvcHkgd29yZC1sZW5ndGggY2h1bmtzIHdoaWxlIHBvc3NpYmxlCiAgICAgICAgZm9yKDsgbGVuID49IDMyOyBsZW4gLT0gMzIpIHsKICAgICAgICAgICAgYXNzZW1ibHkgewogICAgICAgICAgICAgICAgbXN0b3JlKGRlc3QsIG1sb2FkKHNyYykpCiAgICAgICAgICAgIH0KICAgICAgICAgICAgZGVzdCArPSAzMjsKICAgICAgICAgICAgc3JjICs9IDMyOwogICAgICAgIH0KCiAgICAgICAgLy8gQ29weSByZW1haW5pbmcgYnl0ZXMKICAgICAgICB1aW50IG1hc2sgPSAyNTYgKiogKDMyIC0gbGVuKSAtIDE7CiAgICAgICAgYXNzZW1ibHkgewogICAgICAgICAgICBsZXQgc3JjcGFydCA6PSBhbmQobWxvYWQoc3JjKSwgbm90KG1hc2spKQogICAgICAgICAgICBsZXQgZGVzdHBhcnQgOj0gYW5kKG1sb2FkKGRlc3QpLCBtYXNrKQogICAgICAgICAgICBtc3RvcmUoZGVzdCwgb3IoZGVzdHBhcnQsIHNyY3BhcnQpKQogICAgICAgIH0KICAgIH0KICAgIAogICAgLy8gUmV0dXJucyB0aGUgbWVtb3J5IGFkZHJlc3Mgb2YgdGhlIGZpcnN0IGJ5dGUgb2YgdGhlIGZpcnN0IG9jY3VycmVuY2Ugb2YKICAgIC8vIGBuZWVkbGVgIGluIGBzZWxmYCwgb3IgdGhlIGZpcnN0IGJ5dGUgYWZ0ZXIgYHNlbGZgIGlmIG5vdCBmb3VuZC4KICAgIGZ1bmN0aW9uIGZpbmRQdHIodWludCBzZWxmbGVuLCB1aW50IHNlbGZwdHIsIHVpbnQgbmVlZGxlbGVuLCB1aW50IG5lZWRsZXB0cikgcHJpdmF0ZSByZXR1cm5zICh1aW50KSB7CiAgICAgICAgdWludCBwdHI7CiAgICAgICAgdWludCBpZHg7CgogICAgICAgIGlmIChuZWVkbGVsZW4gPD0gc2VsZmxlbikgewogICAgICAgICAgICBpZiAobmVlZGxlbGVuIDw9IDMyKSB7CiAgICAgICAgICAgICAgICAvLyBPcHRpbWl6ZWQgYXNzZW1ibHkgZm9yIDY4IGdhcyBwZXIgYnl0ZSBvbiBzaG9ydCBzdHJpbmdzCiAgICAgICAgICAgICAgICBhc3NlbWJseSB7CiAgICAgICAgICAgICAgICAgICAgbGV0IG1hc2sgOj0gbm90KHN1YihleHAoMiwgbXVsKDgsIHN1YigzMiwgbmVlZGxlbGVuKSkpLCAxKSkKICAgICAgICAgICAgICAgICAgICBsZXQgbmVlZGxlZGF0YSA6PSBhbmQobWxvYWQobmVlZGxlcHRyKSwgbWFzaykKICAgICAgICAgICAgICAgICAgICBsZXQgZW5kIDo9IGFkZChzZWxmcHRyLCBzdWIoc2VsZmxlbiwgbmVlZGxlbGVuKSkKICAgICAgICAgICAgICAgICAgICBwdHIgOj0gc2VsZnB0cgogICAgICAgICAgICAgICAgICAgIGxvb3A6CiAgICAgICAgICAgICAgICAgICAganVtcGkoZXhpdCwgZXEoYW5kKG1sb2FkKHB0ciksIG1hc2spLCBuZWVkbGVkYXRhKSkKICAgICAgICAgICAgICAgICAgICBwdHIgOj0gYWRkKHB0ciwgMSkKICAgICAgICAgICAgICAgICAgICBqdW1waShsb29wLCBsdChzdWIocHRyLCAxKSwgZW5kKSkKICAgICAgICAgICAgICAgICAgICBwdHIgOj0gYWRkKHNlbGZwdHIsIHNlbGZsZW4pCiAgICAgICAgICAgICAgICAgICAgZXhpdDoKICAgICAgICAgICAgICAgIH0KICAgICAgICAgICAgICAgIHJldHVybiBwdHI7CiAgICAgICAgICAgIH0gZWxzZSB7CiAgICAgICAgICAgICAgICAvLyBGb3IgbG9uZyBuZWVkbGVzLCB1c2UgaGFzaGluZwogICAgICAgICAgICAgICAgYnl0ZXMzMiBoYXNoOwogICAgICAgICAgICAgICAgYXNzZW1ibHkgeyBoYXNoIDo9IHNoYTMobmVlZGxlcHRyLCBuZWVkbGVsZW4pIH0KICAgICAgICAgICAgICAgIHB0ciA9IHNlbGZwdHI7CiAgICAgICAgICAgICAgICBmb3IgKGlkeCA9IDA7IGlkeCA8PSBzZWxmbGVuIC0gbmVlZGxlbGVuOyBpZHgrKykgewogICAgICAgICAgICAgICAgICAgIGJ5dGVzMzIgdGVzdEhhc2g7CiAgICAgICAgICAgICAgICAgICAgYXNzZW1ibHkgeyB0ZXN0SGFzaCA6PSBzaGEzKHB0ciwgbmVlZGxlbGVuKSB9CiAgICAgICAgICAgICAgICAgICAgaWYgKGhhc2ggPT0gdGVzdEhhc2gpCiAgICAgICAgICAgICAgICAgICAgICAgIHJldHVybiBwdHI7CiAgICAgICAgICAgICAgICAgICAgcHRyICs9IDE7CiAgICAgICAgICAgICAgICB9CiAgICAgICAgICAgIH0KICAgICAgICB9CiAgICAgICAgcmV0dXJuIHNlbGZwdHIgKyBzZWxmbGVuOwogICAgfQogICAgCiAgICBmdW5jdGlvbiBjb21wYXJlKHN0cmluZyBfc2VsZiwgc3RyaW5nIF9zdHIpIGludGVybmFsIHJldHVybnMgKGludDggX3JldCkgewogICAgICAgIGZvciAodWludCBpPTA7IGk8Ynl0ZXMoX3NlbGYpLmxlbmd0aCAmJiBpPGJ5dGVzKF9zdHIpLmxlbmd0aDsgKytpKSB7CiAgICAgICAgICAgIGlmIChieXRlcyhfc2VsZilbaV0gPiBieXRlcyhfc3RyKVtpXSkgewogICAgICAgICAgICAgICAgcmV0dXJuIDE7CiAgICAgICAgICAgIH0gZWxzZSBpZiAoYnl0ZXMoX3NlbGYpW2ldIDwgYnl0ZXMoX3N0cilbaV0pIHsKICAgICAgICAgICAgICAgIHJldHVybiAtMTsKICAgICAgICAgICAgfQogICAgICAgIH0KICAgICAgICAKICAgICAgICBpZiAoYnl0ZXMoX3NlbGYpLmxlbmd0aCA+IGJ5dGVzKF9zdHIpLmxlbmd0aCkgewogICAgICAgICAgICByZXR1cm4gMTsKICAgICAgICB9IGlmIChieXRlcyhfc2VsZikubGVuZ3RoIDwgYnl0ZXMoX3N0cikubGVuZ3RoKSB7CiAgICAgICAgICAgIHJldHVybiAtMTsKICAgICAgICB9IGVsc2UgewogICAgICAgICAgICByZXR1cm4gMDsKICAgICAgICB9CiAgICB9CgogICAgZnVuY3Rpb24gY29tcGFyZU5vQ2FzZShzdHJpbmcgX3NlbGYsIHN0cmluZyBfc3RyKSBpbnRlcm5hbCByZXR1cm5zIChpbnQ4IF9yZXQpIHsKICAgICAgICBmb3IgKHVpbnQgaT0wOyBpPGJ5dGVzKF9zZWxmKS5sZW5ndGggJiYgaTxieXRlcyhfc3RyKS5sZW5ndGg7ICsraSkgewogICAgICAgICAgICBieXRlIGNoMSA9IGJ5dGVzKF9zZWxmKVtpXXwweDIwOwogICAgICAgICAgICBieXRlIGNoMiA9IGJ5dGVzKF9zdHIpW2ldfDB4MjA7CiAgICAgICAgICAgIGlmIChjaDEgPj0gJ2EnICYmIGNoMSA8PSd6JyAmJiBjaDIgPj0gJ2EnICYmIGNoMiA8PSd6JykgewogICAgICAgICAgICAgICAgaWYgKGNoMSA+IGNoMikgewogICAgICAgICAgICAgICAgICAgIHJldHVybiAxOwogICAgICAgICAgICAgICAgfSBlbHNlIGlmIChjaDEgPCBjaDIpIHsKICAgICAgICAgICAgICAgICAgICByZXR1cm4gLTE7CiAgICAgICAgICAgICAgICB9CiAgICAgICAgICAgIH0gZWxzZSB7CiAgICAgICAgICAgICAgICBpZiAoYnl0ZXMoX3NlbGYpW2ldID4gYnl0ZXMoX3N0cilbaV0pIHsKICAgICAgICAgICAgICAgICAgICByZXR1cm4gMTsKICAgICAgICAgICAgICAgIH0gZWxzZSBpZiAoYnl0ZXMoX3NlbGYpW2ldIDwgYnl0ZXMoX3N0cilbaV0pIHsKICAgICAgICAgICAgICAgICAgICByZXR1cm4gLTE7CiAgICAgICAgICAgICAgICB9CiAgICAgICAgICAgIH0KICAgICAgICB9CiAgICAgICAgCiAgICAgICAgaWYgKGJ5dGVzKF9zZWxmKS5sZW5ndGggPiBieXRlcyhfc3RyKS5sZW5ndGgpIHsKICAgICAgICAgICAgcmV0dXJuIDE7CiAgICAgICAgfSBpZiAoYnl0ZXMoX3NlbGYpLmxlbmd0aCA8IGJ5dGVzKF9zdHIpLmxlbmd0aCkgewogICAgICAgICAgICByZXR1cm4gLTE7CiAgICAgICAgfSBlbHNlIHsKICAgICAgICAgICAgcmV0dXJuIDA7CiAgICAgICAgfQogICAgfQoKICAgIGZ1bmN0aW9uIGVxdWFscyhzdHJpbmcgX3NlbGYsIHN0cmluZyBfc3RyKSBpbnRlcm5hbCByZXR1cm5zIChib29sIF9yZXQpIHsKICAgICAgICBpZiAoYnl0ZXMoX3NlbGYpLmxlbmd0aCAhPSBieXRlcyhfc3RyKS5sZW5ndGgpIHsKICAgICAgICAgICAgcmV0dXJuIGZhbHNlOwogICAgICAgIH0KCiAgICAgICAgZm9yICh1aW50IGk9MDsgaTxieXRlcyhfc2VsZikubGVuZ3RoOyArK2kpIHsKICAgICAgICAgICAgaWYgKGJ5dGVzKF9zZWxmKVtpXSAhPSBieXRlcyhfc3RyKVtpXSkgewogICAgICAgICAgICAgICAgcmV0dXJuIGZhbHNlOwogICAgICAgICAgICB9CiAgICAgICAgfQogICAgICAgIAogICAgICAgIHJldHVybiB0cnVlOwogICAgfQoKICAgIGZ1bmN0aW9uIGVxdWFsc05vQ2FzZShzdHJpbmcgX3NlbGYsIHN0cmluZyBfc3RyKSBpbnRlcm5hbCByZXR1cm5zIChib29sIF9yZXQpIHsKICAgICAgICBpZiAoYnl0ZXMoX3NlbGYpLmxlbmd0aCAhPSBieXRlcyhfc3RyKS5sZW5ndGgpIHsKICAgICAgICAgICAgcmV0dXJuIGZhbHNlOwogICAgICAgIH0KCiAgICAgICAgZm9yICh1aW50IGk9MDsgaTxieXRlcyhfc2VsZikubGVuZ3RoOyArK2kpIHsKICAgICAgICAgICAgYnl0ZSBjaDEgPSBieXRlcyhfc2VsZilbaV18MHgyMDsKICAgICAgICAgICAgYnl0ZSBjaDIgPSBieXRlcyhfc3RyKVtpXXwweDIwOwogICAgICAgICAgICBpZiAoY2gxID49ICdhJyAmJiBjaDEgPD0neicgJiYgY2gyID49ICdhJyAmJiBjaDIgPD0neicpIHsKICAgICAgICAgICAgICAgIGlmIChjaDEgIT0gY2gyKSB7CiAgICAgICAgICAgICAgICAgICAgcmV0dXJuIGZhbHNlOwogICAgICAgICAgICAgICAgfQogICAgICAgICAgICB9IGVsc2UgewogICAgICAgICAgICAgICAgaWYgKGJ5dGVzKF9zZWxmKVtpXSAhPSBieXRlcyhfc3RyKVtpXSkgewogICAgICAgICAgICAgICAgICAgIHJldHVybiBmYWxzZTsKICAgICAgICAgICAgICAgIH0KICAgICAgICAgICAgfQogICAgICAgIH0KICAgICAgICAKICAgICAgICByZXR1cm4gdHJ1ZTsKICAgIH0KICAgIAogICAgZnVuY3Rpb24gc3Vic3RyKHN0cmluZyBfc2VsZiwgdWludCBfc3RhcnQsIHVpbnQgX2xlbikgaW50ZXJuYWwgcmV0dXJucyAoc3RyaW5nIF9yZXQpIHsKICAgICAgICBpZiAoX2xlbiA+IGJ5dGVzKF9zZWxmKS5sZW5ndGgtX3N0YXJ0KSB7CiAgICAgICAgICAgIF9sZW4gPSBieXRlcyhfc2VsZikubGVuZ3RoLV9zdGFydDsKICAgICAgICB9CgogICAgICAgIGlmIChfbGVuIDw9IDApIHsKICAgICAgICAgICAgX3JldCA9ICIiOwogICAgICAgICAgICByZXR1cm47CiAgICAgICAgfQogICAgICAgIAogICAgICAgIF9yZXQgPSBuZXcgc3RyaW5nKF9sZW4pOwoKICAgICAgICB1aW50IHNlbGZwdHI7CiAgICAgICAgdWludCByZXRwdHI7CiAgICAgICAgYXNzZW1ibHkgewogICAgICAgICAgICBzZWxmcHRyIDo9IGFkZChfc2VsZiwgMHgyMCkKICAgICAgICAgICAgcmV0cHRyIDo9IGFkZChfcmV0LCAweDIwKQogICAgICAgIH0KICAgICAgICAKICAgICAgICBtZW1jcHkocmV0cHRyLCBzZWxmcHRyK19zdGFydCwgX2xlbik7CiAgICB9CiAgICAKICAgIGZ1bmN0aW9uIGNvbmNhdChzdHJpbmcgX3NlbGYsIHN0cmluZyBfc3RyKSBpbnRlcm5hbCByZXR1cm5zIChzdHJpbmcgX3JldCkgewogICAgICAgIF9yZXQgPSBuZXcgc3RyaW5nKGJ5dGVzKF9zZWxmKS5sZW5ndGggKyBieXRlcyhfc3RyKS5sZW5ndGgpOwoKICAgICAgICB1aW50IHNlbGZwdHI7CiAgICAgICAgdWludCBzdHJwdHI7CiAgICAgICAgdWludCByZXRwdHI7CiAgICAgICAgYXNzZW1ibHkgewogICAgICAgICAgICBzZWxmcHRyIDo9IGFkZChfc2VsZiwgMHgyMCkKICAgICAgICAgICAgc3RycHRyIDo9IGFkZChfc3RyLCAweDIwKQogICAgICAgICAgICByZXRwdHIgOj0gYWRkKF9yZXQsIDB4MjApCiAgICAgICAgfQogICAgICAgIAogICAgICAgIG1lbWNweShyZXRwdHIsIHNlbGZwdHIsIGJ5dGVzKF9zZWxmKS5sZW5ndGgpOwogICAgICAgIG1lbWNweShyZXRwdHIrYnl0ZXMoX3NlbGYpLmxlbmd0aCwgc3RycHRyLCBieXRlcyhfc3RyKS5sZW5ndGgpOwogICAgfQogICAgCiAgICBmdW5jdGlvbiBjb25jYXQoc3RyaW5nIF9zZWxmLCBzdHJpbmcgX3N0cjEsIHN0cmluZyBfc3RyMikKICAgICAgICBpbnRlcm5hbCByZXR1cm5zIChzdHJpbmcgX3JldCkgewogICAgICAgIF9yZXQgPSBuZXcgc3RyaW5nKGJ5dGVzKF9zZWxmKS5sZW5ndGggKyBieXRlcyhfc3RyMSkubGVuZ3RoICsgYnl0ZXMoX3N0cjIpLmxlbmd0aCk7CgogICAgICAgIHVpbnQgc2VsZnB0cjsKICAgICAgICB1aW50IHN0cjFwdHI7CiAgICAgICAgdWludCBzdHIycHRyOwogICAgICAgIHVpbnQgcmV0cHRyOwogICAgICAgIGFzc2VtYmx5IHsKICAgICAgICAgICAgc2VsZnB0ciA6PSBhZGQoX3NlbGYsIDB4MjApCiAgICAgICAgICAgIHN0cjFwdHIgOj0gYWRkKF9zdHIxLCAweDIwKQogICAgICAgICAgICBzdHIycHRyIDo9IGFkZChfc3RyMiwgMHgyMCkKICAgICAgICAgICAgcmV0cHRyIDo9IGFkZChfcmV0LCAweDIwKQogICAgICAgIH0KICAgICAgICAKICAgICAgICB1aW50IHBvcyA9IDA7CiAgICAgICAgbWVtY3B5KHJldHB0citwb3MsIHNlbGZwdHIsIGJ5dGVzKF9zZWxmKS5sZW5ndGgpOwogICAgICAgIHBvcyArPSBieXRlcyhfc2VsZikubGVuZ3RoOwogICAgICAgIG1lbWNweShyZXRwdHIrcG9zLCBzdHIxcHRyLCBieXRlcyhfc3RyMSkubGVuZ3RoKTsKICAgICAgICBwb3MgKz0gYnl0ZXMoX3N0cjEpLmxlbmd0aDsKICAgICAgICBtZW1jcHkocmV0cHRyK3Bvcywgc3RyMnB0ciwgYnl0ZXMoX3N0cjIpLmxlbmd0aCk7CiAgICAgICAgcG9zICs9IGJ5dGVzKF9zdHIyKS5sZW5ndGg7CiAgICB9CiAgICAKICAgIGZ1bmN0aW9uIGNvbmNhdChzdHJpbmcgX3NlbGYsIHN0cmluZyBfc3RyMSwgc3RyaW5nIF9zdHIyLCBzdHJpbmcgX3N0cjMpCiAgICAgICAgaW50ZXJuYWwgcmV0dXJucyAoc3RyaW5nIF9yZXQpIHsKICAgICAgICBfcmV0ID0gbmV3IHN0cmluZyhieXRlcyhfc2VsZikubGVuZ3RoICsgYnl0ZXMoX3N0cjEpLmxlbmd0aCArIGJ5dGVzKF9zdHIyKS5sZW5ndGgKICAgICAgICAgICAgKyBieXRlcyhfc3RyMykubGVuZ3RoKTsKCiAgICAgICAgdWludCBzZWxmcHRyOwogICAgICAgIHVpbnQgc3RyMXB0cjsKICAgICAgICB1aW50IHN0cjJwdHI7CiAgICAgICAgdWludCBzdHIzcHRyOwogICAgICAgIHVpbnQgcmV0cHRyOwogICAgICAgIGFzc2VtYmx5IHsKICAgICAgICAgICAgc2VsZnB0ciA6PSBhZGQoX3NlbGYsIDB4MjApCiAgICAgICAgICAgIHN0cjFwdHIgOj0gYWRkKF9zdHIxLCAweDIwKQogICAgICAgICAgICBzdHIycHRyIDo9IGFkZChfc3RyMiwgMHgyMCkKICAgICAgICAgICAgc3RyM3B0ciA6PSBhZGQoX3N0cjMsIDB4MjApCiAgICAgICAgICAgIHJldHB0ciA6PSBhZGQoX3JldCwgMHgyMCkKICAgICAgICB9CiAgICAgICAgCiAgICAgICAgdWludCBwb3MgPSAwOwogICAgICAgIG1lbWNweShyZXRwdHIrcG9zLCBzZWxmcHRyLCBieXRlcyhfc2VsZikubGVuZ3RoKTsKICAgICAgICBwb3MgKz0gYnl0ZXMoX3NlbGYpLmxlbmd0aDsKICAgICAgICBtZW1jcHkocmV0cHRyK3Bvcywgc3RyMXB0ciwgYnl0ZXMoX3N0cjEpLmxlbmd0aCk7CiAgICAgICAgcG9zICs9IGJ5dGVzKF9zdHIxKS5sZW5ndGg7CiAgICAgICAgbWVtY3B5KHJldHB0citwb3MsIHN0cjJwdHIsIGJ5dGVzKF9zdHIyKS5sZW5ndGgpOwogICAgICAgIHBvcyArPSBieXRlcyhfc3RyMikubGVuZ3RoOwogICAgICAgIG1lbWNweShyZXRwdHIrcG9zLCBzdHIzcHRyLCBieXRlcyhfc3RyMykubGVuZ3RoKTsKICAgICAgICBwb3MgKz0gYnl0ZXMoX3N0cjMpLmxlbmd0aDsKICAgIH0KICAgIAogICAgZnVuY3Rpb24gdHJpbShzdHJpbmcgX3NlbGYpIGludGVybmFsIHJldHVybnMgKHN0cmluZyBfcmV0KSB7CiAgICAgICAgdWludCBpOwogICAgICAgIHVpbnQ4IGNoOwogICAgICAgIGZvciAoaT0wOyBpPGJ5dGVzKF9zZWxmKS5sZW5ndGg7ICsraSkgewogICAgICAgICAgICBjaCA9IHVpbnQ4KGJ5dGVzKF9zZWxmKVtpXSk7CiAgICAgICAgICAgIGlmICghKGNoID09IDB4MjAgfHwgY2ggPT0gMHgwOSB8fCBjaCA9PSAweDBEIHx8IGNoID09IDB4MEEpKSB7CiAgICAgICAgICAgICAgICBicmVhazsKICAgICAgICAgICAgfQogICAgICAgIH0KICAgICAgICB1aW50IHN0YXJ0ID0gaTsKICAgICAgICAKICAgICAgICBmb3IgKGk9Ynl0ZXMoX3NlbGYpLmxlbmd0aDsgaT4wOyAtLWkpIHsKICAgICAgICAgICAgY2ggPSB1aW50OChieXRlcyhfc2VsZilbaS0xXSk7CiAgICAgICAgICAgIGlmICghKGNoID09IDB4MjAgfHwgY2ggPT0gMHgwOSB8fCBjaCA9PSAweDBEIHx8IGNoID09IDB4MEEpKSB7CiAgICAgICAgICAgICAgICBicmVhazsKICAgICAgICAgICAgfQogICAgICAgIH0KICAgICAgICB1aW50IGVuZCA9IGk7CiAgICAgICAgCiAgICAgICAgX3JldCA9IG5ldyBzdHJpbmcoZW5kLXN0YXJ0KTsKICAgICAgICAKICAgICAgICB1aW50IHNlbGZwdHI7CiAgICAgICAgdWludCByZXRwdHI7CiAgICAgICAgYXNzZW1ibHkgewogICAgICAgICAgICBzZWxmcHRyIDo9IGFkZChfc2VsZiwgMHgyMCkKICAgICAgICAgICAgcmV0cHRyIDo9IGFkZChfcmV0LCAweDIwKQogICAgICAgIH0KICAgICAgICAKICAgICAgICBtZW1jcHkocmV0cHRyLCBzZWxmcHRyK3N0YXJ0LCBlbmQtc3RhcnQpOwogICAgfQogICAgCiAgICBmdW5jdGlvbiB0cmltKHN0cmluZyBfc2VsZiwgc3RyaW5nIF9jaGFycykgaW50ZXJuYWwgcmV0dXJucyAoc3RyaW5nIF9yZXQpIHsKICAgICAgICB1aW50MTYgaTsKICAgICAgICB1aW50MTYgajsKICAgICAgICBib29sIG1hdGNoZWQ7CiAgICAgICAgZm9yIChpPTA7IGk8Ynl0ZXMoX3NlbGYpLmxlbmd0aDsgKytpKSB7CiAgICAgICAgICAgIG1hdGNoZWQgPSBmYWxzZTsKICAgICAgICAgICAgZm9yIChqPTA7IGo8Ynl0ZXMoX2NoYXJzKS5sZW5ndGg7ICsraikgewogICAgICAgICAgICAgICAgaWYgKGJ5dGVzKF9zZWxmKVtpXSA9PSBieXRlcyhfY2hhcnMpW2pdKSB7CiAgICAgICAgICAgICAgICAgICAgbWF0Y2hlZCA9IHRydWU7CiAgICAgICAgICAgICAgICAgICAgYnJlYWs7CiAgICAgICAgICAgICAgICB9CiAgICAgICAgICAgIH0KICAgICAgICAgICAgaWYgKCFtYXRjaGVkKSB7CiAgICAgICAgICAgICAgICBicmVhazsKICAgICAgICAgICAgfQogICAgICAgIH0KICAgICAgICB1aW50MTYgc3RhcnQgPSBpOwogICAgICAgIAogICAgICAgIGZvciAoaT11aW50MTYoYnl0ZXMoX3NlbGYpLmxlbmd0aCk7IGk+MDsgLS1pKSB7CiAgICAgICAgICAgIG1hdGNoZWQgPSBmYWxzZTsKICAgICAgICAgICAgZm9yIChqPTA7IGo8Ynl0ZXMoX2NoYXJzKS5sZW5ndGg7ICsraikgewogICAgICAgICAgICAgICAgaWYgKGJ5dGVzKF9zZWxmKVtpLTFdID09IGJ5dGVzKF9jaGFycylbal0pIHsKICAgICAgICAgICAgICAgICAgICBtYXRjaGVkID0gdHJ1ZTsKICAgICAgICAgICAgICAgICAgICBicmVhazsKICAgICAgICAgICAgICAgIH0KICAgICAgICAgICAgfQogICAgICAgICAgICBpZiAoIW1hdGNoZWQpIHsKICAgICAgICAgICAgICAgIGJyZWFrOwogICAgICAgICAgICB9CiAgICAgICAgfQogICAgICAgIHVpbnQxNiBlbmQgPSBpOwoKICAgICAgICBpZiAoZW5kIDw9IHN0YXJ0KSB7CiAgICAgICAgICAgIHJldHVybjsKICAgICAgICB9CiAgICAgICAgCiAgICAgICAgX3JldCA9IG5ldyBzdHJpbmcoZW5kLXN0YXJ0KTsKICAgICAgICAKICAgICAgICB1aW50IHNlbGZwdHI7CiAgICAgICAgdWludCByZXRwdHI7CiAgICAgICAgYXNzZW1ibHkgewogICAgICAgICAgICBzZWxmcHRyIDo9IGFkZChfc2VsZiwgMHgyMCkKICAgICAgICAgICAgcmV0cHRyIDo9IGFkZChfcmV0LCAweDIwKQogICAgICAgIH0KICAgICAgICAKICAgICAgICBtZW1jcHkocmV0cHRyLCBzZWxmcHRyK3N0YXJ0LCBlbmQtc3RhcnQpOwogICAgfQogICAgCiAgICBmdW5jdGlvbiBzcGxpdChzdHJpbmcgX3NlbGYsIHN0cmluZyBfZGVsaW0sIHN0cmluZ1tdIHN0b3JhZ2UgX2FycmF5KSBpbnRlcm5hbCB7CiAgICAgICAgLy9XaHkgY2FuIG5vdCB1c2UgZGVsZXRlIF9hcnJheT8KICAgICAgICBmb3IgKHVpbnQgaT0wOyBpPF9hcnJheS5sZW5ndGg7ICsraSkgewogICAgICAgICAgICBkZWxldGUgX2FycmF5W2ldOwogICAgICAgIH0KICAgICAgICBfYXJyYXkubGVuZ3RoID0gMDsKCiAgICAgICAgdWludCBzZWxmcHRyOwogICAgICAgIHVpbnQgZGVsaW1wdHI7CiAgICAgICAgYXNzZW1ibHkgewogICAgICAgICAgICBzZWxmcHRyIDo9IGFkZChfc2VsZiwgMHgyMCkKICAgICAgICAgICAgZGVsaW1wdHIgOj0gYWRkKF9kZWxpbSwgMHgyMCkKICAgICAgICB9CiAgICAgICAgCiAgICAgICAgdWludCBwb3MgPSAwOwogICAgICAgIHdoaWxlICh0cnVlKSB7CiAgICAgICAgICAgIHVpbnQgcHRyOwogICAgICAgICAgICBib29sIGZvdW5kID0gZmFsc2U7CiAgICAgICAgICAgIGlmIChieXRlcyhfZGVsaW0pLmxlbmd0aCA+IDApIHsKICAgICAgICAgICAgICAgIHB0ciA9IGZpbmRQdHIoYnl0ZXMoX3NlbGYpLmxlbmd0aC1wb3MsIHNlbGZwdHIrcG9zLCBieXRlcyhfZGVsaW0pLmxlbmd0aCwgZGVsaW1wdHIpIC0gc2VsZnB0cjsKICAgICAgICAgICAgICAgIAogICAgICAgICAgICAgICAgaWYgKHB0ciA8IGJ5dGVzKF9zZWxmKS5sZW5ndGgpIHsKICAgICAgICAgICAgICAgICAgICBmb3VuZCA9IHRydWU7CiAgICAgICAgICAgICAgICB9IGVsc2UgewogICAgICAgICAgICAgICAgICAgIHB0ciA9IGJ5dGVzKF9zZWxmKS5sZW5ndGg7CiAgICAgICAgICAgICAgICB9CiAgICAgICAgICAgIH0gZWxzZSB7CiAgICAgICAgICAgICAgICBwdHIgPSBieXRlcyhfc2VsZikubGVuZ3RoOwogICAgICAgICAgICB9CiAgICAgICAgICAgIAogICAgICAgICAgICBzdHJpbmcgbWVtb3J5IGVsZW0gPSBuZXcgc3RyaW5nKHB0ci1wb3MpOwogICAgICAgICAgICB1aW50IGVsZW1wdHI7CiAgICAgICAgICAgIGFzc2VtYmx5IHsKICAgICAgICAgICAgICAgIGVsZW1wdHIgOj0gYWRkKGVsZW0sIDB4MjApCiAgICAgICAgICAgIH0KICAgICAgICAgICAgbWVtY3B5KGVsZW1wdHIsIHNlbGZwdHIrcG9zLCBwdHItcG9zKTsKICAgICAgICAgICAgcG9zID0gcHRyICsgYnl0ZXMoX2RlbGltKS5sZW5ndGg7CiAgICAgICAgICAgIF9hcnJheS5wdXNoKGVsZW0pOwogICAgICAgICAgICAKICAgICAgICAgICAgaWYgKCFmb3VuZCkgewogICAgICAgICAgICAgICAgYnJlYWs7CiAgICAgICAgICAgIH0KICAgICAgICB9CiAgICB9CiAgICAKICAgIGZ1bmN0aW9uIGluZGV4T2Yoc3RyaW5nIF9zZWxmLCBzdHJpbmcgX3N0cikgaW50ZXJuYWwgcmV0dXJucyAoaW50IF9yZXQpIHsKICAgICAgICB1aW50IHNlbGZwdHI7CiAgICAgICAgdWludCBzdHJwdHI7CiAgICAgICAgYXNzZW1ibHkgewogICAgICAgICAgICBzZWxmcHRyIDo9IGFkZChfc2VsZiwgMHgyMCkKICAgICAgICAgICAgc3RycHRyIDo9IGFkZChfc3RyLCAweDIwKQogICAgICAgIH0KICAgICAgICAKICAgICAgICB1aW50IHB0ciA9IGZpbmRQdHIoYnl0ZXMoX3NlbGYpLmxlbmd0aCwgc2VsZnB0ciwgYnl0ZXMoX3N0cikubGVuZ3RoLCBzdHJwdHIpIC0gc2VsZnB0cjsKICAgICAgICBpZiAocHRyIDwgYnl0ZXMoX3NlbGYpLmxlbmd0aCkgewogICAgICAgICAgICBfcmV0ID0gaW50KHB0cik7CiAgICAgICAgfSBlbHNlIHsKICAgICAgICAgICAgX3JldCA9IC0xOwogICAgICAgIH0KICAgIH0KICAgIAogICAgZnVuY3Rpb24gaW5kZXhPZihzdHJpbmcgX3NlbGYsIHN0cmluZyBfc3RyLCB1aW50IHBvcykgaW50ZXJuYWwgcmV0dXJucyAoaW50IF9yZXQpIHsKICAgICAgICB1aW50IHNlbGZwdHI7CiAgICAgICAgdWludCBzdHJwdHI7CiAgICAgICAgYXNzZW1ibHkgewogICAgICAgICAgICBzZWxmcHRyIDo9IGFkZChfc2VsZiwgMHgyMCkKICAgICAgICAgICAgc3RycHRyIDo9IGFkZChfc3RyLCAweDIwKQogICAgICAgIH0KICAgICAgICAKICAgICAgICB1aW50IHB0ciA9IGZpbmRQdHIoYnl0ZXMoX3NlbGYpLmxlbmd0aC1wb3MsIHNlbGZwdHIrcG9zLCBieXRlcyhfc3RyKS5sZW5ndGgsIHN0cnB0cikgLSBzZWxmcHRyOwogICAgICAgIGlmIChwdHIgPCBieXRlcyhfc2VsZikubGVuZ3RoKSB7CiAgICAgICAgICAgIF9yZXQgPSBpbnQocHRyKTsKICAgICAgICB9IGVsc2UgewogICAgICAgICAgICBfcmV0ID0gLTE7CiAgICAgICAgfQogICAgfQogICAgCiAgICBmdW5jdGlvbiB0b0ludChzdHJpbmcgX3NlbGYpIGludGVybmFsIHJldHVybnMgKGludCBfcmV0KSB7CiAgICAgICAgX3JldCA9IDA7CiAgICAgICAgaWYgKGJ5dGVzKF9zZWxmKS5sZW5ndGggPT0gMCkgewogICAgICAgICAgICByZXR1cm47CiAgICAgICAgfQogICAgICAgIAogICAgICAgIHVpbnQxNiBpOwogICAgICAgIHVpbnQ4IGRpZ2l0OwogICAgICAgIGZvciAoaT0wOyBpPGJ5dGVzKF9zZWxmKS5sZW5ndGg7ICsraSkgewogICAgICAgICAgICBkaWdpdCA9IHVpbnQ4KGJ5dGVzKF9zZWxmKVtpXSk7CiAgICAgICAgICAgIGlmICghKGRpZ2l0ID09IDB4MjAgfHwgZGlnaXQgPT0gMHgwOSB8fCBkaWdpdCA9PSAweDBEIHx8IGRpZ2l0ID09IDB4MEEpKSB7CiAgICAgICAgICAgICAgICBicmVhazsKICAgICAgICAgICAgfQogICAgICAgIH0KICAgICAgICAKICAgICAgICBib29sIHBvc2l0aXZlID0gdHJ1ZTsKICAgICAgICBpZiAoYnl0ZXMoX3NlbGYpW2ldID09ICcrJykgewogICAgICAgICAgICBwb3NpdGl2ZSA9IHRydWU7CiAgICAgICAgICAgIGkrKzsKICAgICAgICB9IGVsc2UgaWYoYnl0ZXMoX3NlbGYpW2ldID09ICctJykgewogICAgICAgICAgICBwb3NpdGl2ZSA9IGZhbHNlOwogICAgICAgICAgICBpKys7CiAgICAgICAgfQoKICAgICAgICBmb3IgKDsgaTxieXRlcyhfc2VsZikubGVuZ3RoOyArK2kpIHsKICAgICAgICAgICAgZGlnaXQgPSB1aW50OChieXRlcyhfc2VsZilbaV0pOwogICAgICAgICAgICBpZiAoIShkaWdpdCA+PSAweDMwICYmIGRpZ2l0IDw9IDB4MzkpKSB7CiAgICAgICAgICAgICAgICByZXR1cm47CiAgICAgICAgICAgIH0KICAgICAgICAgICAgX3JldCA9IF9yZXQqMTAgKyBpbnQoZGlnaXQtMHgzMCk7CiAgICAgICAgfSAgICAgICAgCiAgICAgICAgCiAgICAgICAgaWYgKCFwb3NpdGl2ZSkgewogICAgICAgICAgICBfcmV0ID0gLV9yZXQ7CiAgICAgICAgfQogICAgfQoKICAgIGZ1bmN0aW9uIHRvQWRkcmVzcyhzdHJpbmcgX3NlbGYpIGludGVybmFsIHJldHVybnMgKGFkZHJlc3MgX3JldCkgewogICAgICAgIHVpbnQxNiBpOwogICAgICAgIHVpbnQ4IGRpZ2l0OwogICAgICAgIGZvciAoaT0wOyBpPGJ5dGVzKF9zZWxmKS5sZW5ndGg7ICsraSkgewogICAgICAgICAgICBkaWdpdCA9IHVpbnQ4KGJ5dGVzKF9zZWxmKVtpXSk7CiAgICAgICAgICAgIGlmICghKGRpZ2l0ID09IDB4MjAgfHwgZGlnaXQgPT0gMHgwOSB8fCBkaWdpdCA9PSAweDBEIHx8IGRpZ2l0ID09IDB4MEEpKSB7CiAgICAgICAgICAgICAgICBicmVhazsKICAgICAgICAgICAgfQogICAgICAgIH0KICAgICAgICAKICAgICAgICBpZiAoYnl0ZXMoX3NlbGYpLmxlbmd0aC1pIDwgMikgewogICAgICAgICAgICByZXR1cm4gYWRkcmVzcygwKTsKICAgICAgICB9CgogICAgICAgIC8vbXVzdCBzdGFydCB3aXRoIDB4CiAgICAgICAgaWYgKCEoYnl0ZXMoX3NlbGYpW2ldID09ICcwJyAmJiBieXRlcyhfc2VsZilbaSsxXXwweDIwID09ICd4JykpIHsKICAgICAgICAgICAgcmV0dXJuIGFkZHJlc3MoMCk7CiAgICAgICAgfQoKICAgICAgICB1aW50IGFkZHIgPSAwOwogICAgICAgIAogICAgICAgIGZvciAoaSs9MjsgaTxieXRlcyhfc2VsZikubGVuZ3RoOyArK2kpIHsKICAgICAgICAgICAgZGlnaXQgPSB1aW50OChieXRlcyhfc2VsZilbaV0pOwogICAgICAgICAgICBpZiAoZGlnaXQgPj0gMHgzMCAmJiBkaWdpdCA8PSAweDM5KSAvLycwJy0nOScKICAgICAgICAgICAgICAgIGRpZ2l0IC09IDB4MzA7CiAgICAgICAgICAgIGVsc2UgaWYgKGRpZ2l0fDB4MjAgPj0gMHg2MSAmJiBkaWdpdHwweDIwIDw9IDB4NjYpIC8vJ2EnLSdmJwogICAgICAgICAgICAgICAgZGlnaXQgPSBkaWdpdC0weDYxKzEwOwogICAgICAgICAgICBlbHNlIAogICAgICAgICAgICAgICAgcmV0dXJuIGFkZHJlc3MoMCk7IAogICAgICAgICAgICAKICAgICAgICAgICAgYWRkciA9IGFkZHIqMTYrZGlnaXQ7CiAgICAgICAgfQogICAgICAgIAogICAgICAgIHJldHVybiBhZGRyZXNzKGFkZHIpOwogICAgfQogICAgCiAgICBmdW5jdGlvbiB0b0tleVZhbHVlKHN0cmluZyBfc2VsZiwgc3RyaW5nIF9rZXkpIGludGVybmFsIHJldHVybnMgKHN0cmluZyBfcmV0KSB7CiAgICAgICAgX3JldCA9IG5ldyBzdHJpbmcoYnl0ZXMoX3NlbGYpLmxlbmd0aCArIGJ5dGVzKF9rZXkpLmxlbmd0aCArIDUpOwogICAgICAgIAogICAgICAgIHVpbnQgc2VsZnB0cjsKICAgICAgICB1aW50IGtleXB0cjsKICAgICAgICB1aW50IHJldHB0cjsKICAgICAgICBhc3NlbWJseSB7CiAgICAgICAgICAgIHNlbGZwdHIgOj0gYWRkKF9zZWxmLCAweDIwKQogICAgICAgICAgICBrZXlwdHIgOj0gYWRkKF9rZXksIDB4MjApCiAgICAgICAgICAgIHJldHB0ciA6PSBhZGQoX3JldCwgMHgyMCkKICAgICAgICB9CiAgICAgICAgCiAgICAgICAgdWludCBwb3MgPSAwOwoKICAgICAgICBieXRlcyhfcmV0KVtwb3MrK10gPSAnIic7CiAgICAgICAgbWVtY3B5KHJldHB0citwb3MsIGtleXB0ciwgYnl0ZXMoX2tleSkubGVuZ3RoKTsKICAgICAgICBwb3MgKz0gYnl0ZXMoX2tleSkubGVuZ3RoOwogICAgICAgIGJ5dGVzKF9yZXQpW3BvcysrXSA9ICciJzsKICAgICAgICAKICAgICAgICBieXRlcyhfcmV0KVtwb3MrK10gPSAnOic7CiAgICAgICAgCiAgICAgICAgYnl0ZXMoX3JldClbcG9zKytdID0gJyInOwogICAgICAgIG1lbWNweShyZXRwdHIrcG9zLCBzZWxmcHRyLCBieXRlcyhfc2VsZikubGVuZ3RoKTsKICAgICAgICBwb3MgKz0gYnl0ZXMoX3NlbGYpLmxlbmd0aDsKICAgICAgICBieXRlcyhfcmV0KVtwb3MrK10gPSAnIic7CiAgICB9CiAgICAKICAgIGZ1bmN0aW9uIGdldFN0cmluZ1ZhbHVlQnlLZXkoc3RyaW5nIF9zZWxmLCBzdHJpbmcgX2tleSkgaW50ZXJuYWwgcmV0dXJucyAoc3RyaW5nIF9yZXQpIHsKICAgICAgICBpbnQgcG9zID0gLTE7CiAgICAgICAgdWludCBzZWFyY2hTdGFydCA9IDA7CiAgICAgICAgd2hpbGUgKHRydWUpIHsKICAgICAgICAgICAgcG9zID0gX3NlbGYuaW5kZXhPZigiXCIiLmNvbmNhdChfa2V5LCAiXCIiKSwgc2VhcmNoU3RhcnQpOwogICAgICAgICAgICBpZiAocG9zID09IC0xKSB7CiAgICAgICAgICAgICAgICBwb3MgPSBfc2VsZi5pbmRleE9mKCInIi5jb25jYXQoX2tleSwgIiciKSwgc2VhcmNoU3RhcnQpOwogICAgICAgICAgICAgICAgaWYgKHBvcyA9PSAtMSkgewogICAgICAgICAgICAgICAgICAgIHJldHVybjsKICAgICAgICAgICAgICAgIH0KICAgICAgICAgICAgfQoKICAgICAgICAgICAgcG9zICs9IGludChieXRlcyhfa2V5KS5sZW5ndGgrMik7CgogICAgICAgICAgICBib29sIGNvbG9uID0gZmFsc2U7CiAgICAgICAgICAgIHdoaWxlICh1aW50KHBvcykgPCBieXRlcyhfc2VsZikubGVuZ3RoKSB7CiAgICAgICAgICAgICAgICBpZiAoYnl0ZXMoX3NlbGYpW3VpbnQocG9zKV0gPT0gJyAnIHx8IGJ5dGVzKF9zZWxmKVt1aW50KHBvcyldID09ICdcdCcgCiAgICAgICAgICAgICAgICAgICAgfHwgYnl0ZXMoX3NlbGYpW3VpbnQocG9zKV0gPT0gJ1xyJyB8fCBieXRlcyhfc2VsZilbdWludChwb3MpXSA9PSAnXG4nKSB7CiAgICAgICAgICAgICAgICAgICAgcG9zKys7CiAgICAgICAgICAgICAgICB9IGVsc2UgaWYgKGJ5dGVzKF9zZWxmKVt1aW50KHBvcyldID09ICc6JykgewogICAgICAgICAgICAgICAgICAgIHBvcysrOwogICAgICAgICAgICAgICAgICAgIGNvbG9uID0gdHJ1ZTsKICAgICAgICAgICAgICAgICAgICBicmVhazsKICAgICAgICAgICAgICAgIH0gZWxzZSB7CiAgICAgICAgICAgICAgICAgICAgYnJlYWs7CiAgICAgICAgICAgICAgICB9CiAgICAgICAgICAgIH0KCiAgICAgICAgICAgIGlmKHVpbnQocG9zKSA9PSBieXRlcyhfc2VsZikubGVuZ3RoKSB7CiAgICAgICAgICAgICAgICByZXR1cm47CiAgICAgICAgICAgIH0KCiAgICAgICAgICAgIGlmIChjb2xvbikgewogICAgICAgICAgICAgICAgYnJlYWs7CiAgICAgICAgICAgIH0gZWxzZSB7CiAgICAgICAgICAgICAgICBzZWFyY2hTdGFydCA9IHVpbnQocG9zKTsKICAgICAgICAgICAgfQogICAgICAgIH0KICAgICAgICAKICAgICAgICBib29sIGRvdWJsZVF1b3RlcyA9IHRydWU7CiAgICAgICAgaW50IHN0YXJ0ID0gX3NlbGYuaW5kZXhPZigiXCIiLCB1aW50KHBvcykpOwogICAgICAgIGlmIChzdGFydCA9PSAtMSkgewogICAgICAgICAgICBkb3VibGVRdW90ZXMgPSBmYWxzZTsKICAgICAgICAgICAgc3RhcnQgPSBfc2VsZi5pbmRleE9mKCInIiwgdWludChwb3MpKTsKICAgICAgICAgICAgaWYgKHN0YXJ0ID09IC0xKSB7CiAgICAgICAgICAgICAgICByZXR1cm47CiAgICAgICAgICAgIH0KICAgICAgICB9CiAgICAgICAgc3RhcnQgKz0gMTsKICAgICAgICAKICAgICAgICBpbnQgZW5kOwogICAgICAgIGlmIChkb3VibGVRdW90ZXMpIHsKICAgICAgICAgICAgZW5kID0gX3NlbGYuaW5kZXhPZigiXCIiLCB1aW50KHN0YXJ0KSk7CiAgICAgICAgfSBlbHNlIHsKICAgICAgICAgICAgZW5kID0gX3NlbGYuaW5kZXhPZigiJyIsIHVpbnQoc3RhcnQpKTsKICAgICAgICB9CiAgICAgICAgaWYgKGVuZCA9PSAtMSkgewogICAgICAgICAgICByZXR1cm47CiAgICAgICAgfQogICAgICAgIAogICAgICAgIF9yZXQgPSBfc2VsZi5zdWJzdHIodWludChzdGFydCksIHVpbnQoZW5kLXN0YXJ0KSk7CiAgICB9CiAgICAKICAgIGZ1bmN0aW9uIGdldEludFZhbHVlQnlLZXkoc3RyaW5nIF9zZWxmLCBzdHJpbmcgX2tleSkgaW50ZXJuYWwgcmV0dXJucyAoaW50IF9yZXQpIHsKICAgICAgICBfcmV0ID0gMDsKICAgICAgICBpbnQgcG9zID0gLTE7CiAgICAgICAgdWludCBzZWFyY2hTdGFydCA9IDA7CiAgICAgICAgd2hpbGUgKHRydWUpIHsKICAgICAgICAgICAgcG9zID0gX3NlbGYuaW5kZXhPZigiXCIiLmNvbmNhdChfa2V5LCAiXCIiKSwgc2VhcmNoU3RhcnQpOwogICAgICAgICAgICBpZiAocG9zID09IC0xKSB7CiAgICAgICAgICAgICAgICBwb3MgPSBfc2VsZi5pbmRleE9mKCInIi5jb25jYXQoX2tleSwgIiciKSwgc2VhcmNoU3RhcnQpOwogICAgICAgICAgICAgICAgaWYgKHBvcyA9PSAtMSkgewogICAgICAgICAgICAgICAgICAgIHJldHVybjsKICAgICAgICAgICAgICAgIH0KICAgICAgICAgICAgfQoKICAgICAgICAgICAgcG9zICs9IGludChieXRlcyhfa2V5KS5sZW5ndGgrMik7CgogICAgICAgICAgICBib29sIGNvbG9uID0gZmFsc2U7CiAgICAgICAgICAgIHdoaWxlICh1aW50KHBvcykgPCBieXRlcyhfc2VsZikubGVuZ3RoKSB7CiAgICAgICAgICAgICAgICBpZiAoYnl0ZXMoX3NlbGYpW3VpbnQocG9zKV0gPT0gJyAnIHx8IGJ5dGVzKF9zZWxmKVt1aW50KHBvcyldID09ICdcdCcgCiAgICAgICAgICAgICAgICAgICAgfHwgYnl0ZXMoX3NlbGYpW3VpbnQocG9zKV0gPT0gJ1xyJyB8fCBieXRlcyhfc2VsZilbdWludChwb3MpXSA9PSAnXG4nKSB7CiAgICAgICAgICAgICAgICAgICAgcG9zKys7CiAgICAgICAgICAgICAgICB9IGVsc2UgaWYgKGJ5dGVzKF9zZWxmKVt1aW50KHBvcyldID09ICc6JykgewogICAgICAgICAgICAgICAgICAgIHBvcysrOwogICAgICAgICAgICAgICAgICAgIGNvbG9uID0gdHJ1ZTsKICAgICAgICAgICAgICAgICAgICBicmVhazsKICAgICAgICAgICAgICAgIH0gZWxzZSB7CiAgICAgICAgICAgICAgICAgICAgYnJlYWs7CiAgICAgICAgICAgICAgICB9CiAgICAgICAgICAgIH0KCiAgICAgICAgICAgIGlmKHVpbnQocG9zKSA9PSBieXRlcyhfc2VsZikubGVuZ3RoKSB7CiAgICAgICAgICAgICAgICByZXR1cm47CiAgICAgICAgICAgIH0KCiAgICAgICAgICAgIGlmIChjb2xvbikgewogICAgICAgICAgICAgICAgYnJlYWs7CiAgICAgICAgICAgIH0gZWxzZSB7CiAgICAgICAgICAgICAgICBzZWFyY2hTdGFydCA9IHVpbnQocG9zKTsKICAgICAgICAgICAgfQogICAgICAgIH0KCiAgICAgICAgdWludCBpID0gdWludChwb3MpOwogICAgICAgIHVpbnQ4IGRpZ2l0OwogICAgICAgIGZvciAoOyBpPGJ5dGVzKF9zZWxmKS5sZW5ndGg7ICsraSkgewogICAgICAgICAgICBkaWdpdCA9IHVpbnQ4KGJ5dGVzKF9zZWxmKVtpXSk7CiAgICAgICAgICAgIGlmICghKGRpZ2l0ID09IDB4MjAgfHwgZGlnaXQgPT0gMHgwOSB8fCBkaWdpdCA9PSAweDBEIHx8IGRpZ2l0ID09IDB4MEEgCiAgICAgICAgICAgIHx8IGRpZ2l0ID09IDB4M0EgLyo6Ki8gfHwgZGlnaXQgPT0gMHgyMiAvKiIqLyB8fCBkaWdpdCA9PSAweDI3IC8qJyovKSkgewogICAgICAgICAgICAgICAgYnJlYWs7CiAgICAgICAgICAgIH0KICAgICAgICB9CiAgICAgICAgCiAgICAgICAgYm9vbCBwb3NpdGl2ZSA9IHRydWU7CiAgICAgICAgaWYgKGJ5dGVzKF9zZWxmKVtpXSA9PSAnKycpIHsKICAgICAgICAgICAgcG9zaXRpdmUgPSB0cnVlOwogICAgICAgICAgICBpKys7CiAgICAgICAgfSBlbHNlIGlmKGJ5dGVzKF9zZWxmKVtpXSA9PSAnLScpIHsKICAgICAgICAgICAgcG9zaXRpdmUgPSBmYWxzZTsKICAgICAgICAgICAgaSsrOwogICAgICAgIH0KCiAgICAgICAgZm9yICg7IGk8Ynl0ZXMoX3NlbGYpLmxlbmd0aDsgKytpKSB7CiAgICAgICAgICAgIGRpZ2l0ID0gdWludDgoYnl0ZXMoX3NlbGYpW2ldKTsKICAgICAgICAgICAgaWYgKCEoZGlnaXQgPj0gMHgzMCAmJiBkaWdpdCA8PSAweDM5KSkgewogICAgICAgICAgICAgICAgaWYgKCFwb3NpdGl2ZSkgewogICAgICAgICAgICAgICAgICAgIF9yZXQgPSAtX3JldDsKICAgICAgICAgICAgICAgIH0KICAgICAgICAgICAgICAgIHJldHVybjsKICAgICAgICAgICAgfQogICAgICAgICAgICBfcmV0ID0gX3JldCoxMCArIGludChkaWdpdC0weDMwKTsKICAgICAgICB9ICAgICAgICAKICAgICAgICAKICAgICAgICBpZiAoIXBvc2l0aXZlKSB7CiAgICAgICAgICAgIF9yZXQgPSAtX3JldDsKICAgICAgICB9CiAgICB9CgogICAgZnVuY3Rpb24gdG9VcHBlcihzdHJpbmcgX3NlbGYpIGludGVybmFsIHJldHVybnMgKHN0cmluZyBfcmV0KSB7CiAgICAgICAgZm9yICh1aW50IGk9MDsgaTxieXRlcyhfc2VsZikubGVuZ3RoOyArK2kpIHsKICAgICAgICAgICAgaWYgKGJ5dGVzKF9zZWxmKVtpXSA+PSAnYScgJiYgYnl0ZXMoX3NlbGYpW2ldIDw9ICd6JykgewogICAgICAgICAgICAgICAgYnl0ZXMoX3NlbGYpW2ldICY9IH4weDIwOwogICAgICAgICAgICB9CiAgICAgICAgfQogICAgICAgIAogICAgICAgIF9yZXQgPSBfc2VsZjsKICAgIH0KICAgIAogICAgZnVuY3Rpb24gdG9Mb3dlcihzdHJpbmcgX3NlbGYpIGludGVybmFsIHJldHVybnMgKHN0cmluZyBfcmV0KSB7CiAgICAgICAgZm9yICh1aW50IGk9MDsgaTxieXRlcyhfc2VsZikubGVuZ3RoOyArK2kpIHsKICAgICAgICAgICAgaWYgKGJ5dGVzKF9zZWxmKVtpXSA+PSAnQScgJiYgYnl0ZXMoX3NlbGYpW2ldIDw9ICdaJykgewogICAgICAgICAgICAgICAgYnl0ZXMoX3NlbGYpW2ldIHw9IDB4MjA7CiAgICAgICAgICAgIH0KICAgICAgICB9CiAgICAgICAgCiAgICAgICAgX3JldCA9IF9zZWxmOwogICAgfQoJCiAgICBmdW5jdGlvbiBrZXlFeGlzdHMoc3RyaW5nIF9zZWxmLCBzdHJpbmcgX2tleSkgaW50ZXJuYWwgcmV0dXJucyAoYm9vbCBfcmV0KSB7CiAgICAgICAgaW50IHBvcyA9IF9zZWxmLmluZGV4T2YoIlwiIi5jb25jYXQoX2tleSwgIlwiIikpOwogICAgICAgIGlmIChwb3MgPT0gLTEpIHsKICAgICAgICAgICAgcG9zID0gX3NlbGYuaW5kZXhPZigiJyIuY29uY2F0KF9rZXksICInIikpOwogICAgICAgICAgICBpZiAocG9zID09IC0xKSB7CiAgICAgICAgICAgICAgICByZXR1cm4gZmFsc2U7CiAgICAgICAgICAgIH0KICAgICAgICB9CgogICAgICAgIHJldHVybiB0cnVlOwogICAgfQoKICAgIGZ1bmN0aW9uIGluQXJyYXkoc3RyaW5nIF9zZWxmLCBzdHJpbmdbXSBzdG9yYWdlIF9hcnJheSkgaW50ZXJuYWwgcmV0dXJucyAoYm9vbCBfcmV0KSB7CiAgICAgICAgZm9yICh1aW50IGk9MDsgaTxfYXJyYXkubGVuZ3RoOyArK2kpIHsKICAgICAgICAgICAgaWYgKF9zZWxmLmVxdWFscyhfYXJyYXlbaV0pKSB7CiAgICAgICAgICAgICAgICByZXR1cm4gdHJ1ZTsKICAgICAgICAgICAgfQogICAgICAgIH0KCiAgICAgICAgcmV0dXJuIGZhbHNlOwogICAgfQogCiAgICBmdW5jdGlvbiBpbkFycmF5Tm9DYXNlKHN0cmluZyBfc2VsZiwgc3RyaW5nW10gc3RvcmFnZSBfYXJyYXkpIGludGVybmFsIHJldHVybnMgKGJvb2wgX3JldCkgewogICAgICAgIGZvciAodWludCBpPTA7IGk8X2FycmF5Lmxlbmd0aDsgKytpKSB7CiAgICAgICAgICAgIGlmIChfc2VsZi5lcXVhbHNOb0Nhc2UoX2FycmF5W2ldKSkgewogICAgICAgICAgICAgICAgcmV0dXJuIHRydWU7CiAgICAgICAgICAgIH0KICAgICAgICB9CgogICAgICAgIHJldHVybiBmYWxzZTsKICAgIH0KCiAgfQ==',
 'IyBTdHJpbmcgbGlicmFyeQoKU3RyaW5nIGxpYnJhcnkKClByb3ZpZGVzIGNvbW1vbiBzdHJpbmctcmVsYXRlZCBvcGVyYXRpb25zLCBpbmNsdWRpbmcgY29weWluZywgZmluZGluZywgcmVwbGFjaW5nLCBhbmQgc28gb27jgII=', 'IyBTdHJpbmcgbGlicmFyeQoKU3RyaW5nIGxpYnJhcnkKClByb3ZpZGVzIGNvbW1vbiBzdHJpbmctcmVsYXRlZCBvcGVyYXRpb25zLCBpbmNsdWRpbmcgY29weWluZywgZmluZGluZywgcmVwbGFjaW5nLCBhbmQgc28gb27jgII=', now(), now());
INSERT INTO `tb_contract_item` (`id`, `warehouse_id`, `contract_folder_id`, `contract_name`, `contract_source`, `description`, `description_en`, `create_time`, `modify_time`) VALUES
(3, 1, 1, 'SafeMath', 'cHJhZ21hIHNvbGlkaXR5IF4wLjQuMjQ7CgoKbGlicmFyeSBTYWZlTWF0aCB7CiAgICBmdW5jdGlvbiBtdWwodWludDI1NiBhLCB1aW50MjU2IGIpIGludGVybmFsIHB1cmUgcmV0dXJucyAodWludDI1NikgewogICAgICAgIC8vIEdhcyBvcHRpbWl6YXRpb246IHRoaXMgaXMgY2hlYXBlciB0aGFuIHJlcXVpcmluZyAnYScgbm90IGJlaW5nIHplcm8sIGJ1dCB0aGUKICAgICAgICAvLyBiZW5lZml0IGlzIGxvc3QgaWYgJ2InIGlzIGFsc28gdGVzdGVkLgogICAgICAgIC8vIFNlZTogaHR0cHM6Ly9naXRodWIuY29tL09wZW5aZXBwZWxpbi9vcGVuemVwcGVsaW4tc29saWRpdHkvcHVsbC81MjIKICAgICAgICBpZiAoYSA9PSAwKSB7CiAgICAgICAgICAgIHJldHVybiAwOwogICAgICAgIH0KCiAgICAgICAgdWludDI1NiBjID0gYSAqIGI7CiAgICAgICAgcmVxdWlyZShjIC8gYSA9PSBiLCAiU2FmZU1hdGg6IG11bHRpcGxpY2F0aW9uIG92ZXJmbG93Iik7CgogICAgICAgIHJldHVybiBjOwogICAgfQogICAgZnVuY3Rpb24gZGl2KHVpbnQyNTYgYSwgdWludDI1NiBiKSBpbnRlcm5hbCBwdXJlIHJldHVybnMgKHVpbnQyNTYpIHsKICAgICAgICAvLyBTb2xpZGl0eSBvbmx5IGF1dG9tYXRpY2FsbHkgYXNzZXJ0cyB3aGVuIGRpdmlkaW5nIGJ5IDAKICAgICAgICByZXF1aXJlKGIgPiAwLCAiU2FmZU1hdGg6IGRpdmlzaW9uIGJ5IHplcm8iKTsKICAgICAgICB1aW50MjU2IGMgPSBhIC8gYjsKICAgICAgICAvLyBhc3NlcnQoYSA9PSBiICogYyArIGEgJSBiKTsgLy8gVGhlcmUgaXMgbm8gY2FzZSBpbiB3aGljaCB0aGlzIGRvZXNuJ3QgaG9sZAoKICAgICAgICByZXR1cm4gYzsKICAgIH0KICAgIGZ1bmN0aW9uIHN1Yih1aW50MjU2IGEsIHVpbnQyNTYgYikgaW50ZXJuYWwgcHVyZSByZXR1cm5zICh1aW50MjU2KSB7CiAgICAgICAgcmVxdWlyZShiIDw9IGEsICJTYWZlTWF0aDogc3VidHJhY3Rpb24gb3ZlcmZsb3ciKTsKICAgICAgICB1aW50MjU2IGMgPSBhIC0gYjsKCiAgICAgICAgcmV0dXJuIGM7CiAgICB9CiAgICBmdW5jdGlvbiBhZGQodWludDI1NiBhLCB1aW50MjU2IGIpIGludGVybmFsIHB1cmUgcmV0dXJucyAodWludDI1NikgewogICAgICAgIHVpbnQyNTYgYyA9IGEgKyBiOwogICAgICAgIHJlcXVpcmUoYyA+PSBhLCAiU2FmZU1hdGg6IGFkZGl0aW9uIG92ZXJmbG93Iik7CgogICAgICAgIHJldHVybiBjOwogICAgfQogICAgZnVuY3Rpb24gbW9kKHVpbnQyNTYgYSwgdWludDI1NiBiKSBpbnRlcm5hbCBwdXJlIHJldHVybnMgKHVpbnQyNTYpIHsKICAgICAgICByZXF1aXJlKGIgIT0gMCwgIlNhZmVNYXRoOiBtb2R1bG8gYnkgemVybyIpOwogICAgICAgIHJldHVybiBhICUgYjsKICAgIH0KfQo=',
 'IyBTYWZlTWF0aAoKU2FmZU1hdGggbGlicmFyeQoKQSBzZWN1cmUgbWF0aGVtYXRpY2FsIGxpYnJhcnkgdGhhdCBwcm92aWRlcyBhIHNhZmUgYWRkaXRpb24sIHN1YnRyYWN0LCBhbmQgZGl2aWRl44CCVGhlIHVzZSBvZiBzZWN1cmUgbWF0aGVtYXRpY2FsIGNvbnRyYWN0cyBjYW4gcmVmZXIgdG8gdGhlIFBvaW50cyBjb250cmFjdCB3YXJlaG91c2XjgII=', 'IyBTYWZlTWF0aAoKU2FmZU1hdGggbGlicmFyeQoKQSBzZWN1cmUgbWF0aGVtYXRpY2FsIGxpYnJhcnkgdGhhdCBwcm92aWRlcyBhIHNhZmUgYWRkaXRpb24sIHN1YnRyYWN0LCBhbmQgZGl2aWRl44CCVGhlIHVzZSBvZiBzZWN1cmUgbWF0aGVtYXRpY2FsIGNvbnRyYWN0cyBjYW4gcmVmZXIgdG8gdGhlIFBvaW50cyBjb250cmFjdCB3YXJlaG91c2XjgII=', now(), now());
INSERT INTO `tb_contract_item` (`id`, `warehouse_id`, `contract_folder_id`, `contract_name`, `contract_source`, `description`, `description_en`, `create_time`, `modify_time`) VALUES
(4, 1, 1, 'Table', 'cHJhZ21hIHNvbGlkaXR5IF4wLjQuMjQ7Cgpjb250cmFjdCBUYWJsZUZhY3RvcnkgewogICAgZnVuY3Rpb24gb3BlblRhYmxlKHN0cmluZykgcHVibGljIHZpZXcgcmV0dXJucyAoVGFibGUpOyAvL29wZW4gdGFibGUKICAgIGZ1bmN0aW9uIGNyZWF0ZVRhYmxlKHN0cmluZywgc3RyaW5nLCBzdHJpbmcpIHB1YmxpYyByZXR1cm5zIChpbnQyNTYpOyAvL2NyZWF0ZSB0YWJsZQp9CgovL3NlbGVjdCBjb25kaXRpb24KY29udHJhY3QgQ29uZGl0aW9uIHsKICAgIGZ1bmN0aW9uIEVRKHN0cmluZywgaW50MjU2KSBwdWJsaWMgdmlldzsKICAgIGZ1bmN0aW9uIEVRKHN0cmluZywgc3RyaW5nKSBwdWJsaWMgdmlldzsKICAgIGZ1bmN0aW9uIEVRKHN0cmluZywgYWRkcmVzcykgcHVibGljIHZpZXc7CgogICAgZnVuY3Rpb24gTkUoc3RyaW5nLCBpbnQyNTYpIHB1YmxpYyB2aWV3OwogICAgZnVuY3Rpb24gTkUoc3RyaW5nLCBzdHJpbmcpIHB1YmxpYyB2aWV3OwoKICAgIGZ1bmN0aW9uIEdUKHN0cmluZywgaW50MjU2KSBwdWJsaWMgdmlldzsKICAgIGZ1bmN0aW9uIEdFKHN0cmluZywgaW50MjU2KSBwdWJsaWMgdmlldzsKCiAgICBmdW5jdGlvbiBMVChzdHJpbmcsIGludDI1NikgcHVibGljIHZpZXc7CiAgICBmdW5jdGlvbiBMRShzdHJpbmcsIGludDI1NikgcHVibGljIHZpZXc7CgogICAgZnVuY3Rpb24gbGltaXQoaW50MjU2KSBwdWJsaWMgdmlldzsKICAgIGZ1bmN0aW9uIGxpbWl0KGludDI1NiwgaW50MjU2KSBwdWJsaWMgdmlldzsKfQoKLy9vbmUgcmVjb3JkCmNvbnRyYWN0IEVudHJ5IHsKICAgIGZ1bmN0aW9uIGdldEludChzdHJpbmcpIHB1YmxpYyB2aWV3IHJldHVybnMgKGludDI1Nik7CiAgICBmdW5jdGlvbiBnZXRVSW50KHN0cmluZykgcHVibGljIHZpZXcgcmV0dXJucyAodWludDI1Nik7CiAgICBmdW5jdGlvbiBnZXRBZGRyZXNzKHN0cmluZykgcHVibGljIHZpZXcgcmV0dXJucyAoYWRkcmVzcyk7CiAgICBmdW5jdGlvbiBnZXRCeXRlczY0KHN0cmluZykgcHVibGljIHZpZXcgcmV0dXJucyAoYnl0ZXMxWzY0XSk7CiAgICBmdW5jdGlvbiBnZXRCeXRlczMyKHN0cmluZykgcHVibGljIHZpZXcgcmV0dXJucyAoYnl0ZXMzMik7CiAgICBmdW5jdGlvbiBnZXRTdHJpbmcoc3RyaW5nKSBwdWJsaWMgdmlldyByZXR1cm5zIChzdHJpbmcpOwoKICAgIGZ1bmN0aW9uIHNldChzdHJpbmcsIGludDI1NikgcHVibGljOwogICAgZnVuY3Rpb24gc2V0KHN0cmluZywgdWludDI1NikgcHVibGljOwogICAgZnVuY3Rpb24gc2V0KHN0cmluZywgc3RyaW5nKSBwdWJsaWM7CiAgICBmdW5jdGlvbiBzZXQoc3RyaW5nLCBhZGRyZXNzKSBwdWJsaWM7Cn0KCi8vcmVjb3JkIHNldHMKY29udHJhY3QgRW50cmllcyB7CiAgICBmdW5jdGlvbiBnZXQoaW50MjU2KSBwdWJsaWMgdmlldyByZXR1cm5zIChFbnRyeSk7CiAgICBmdW5jdGlvbiBzaXplKCkgcHVibGljIHZpZXcgcmV0dXJucyAoaW50MjU2KTsKfQoKLy9UYWJsZSBtYWluIGNvbnRyYWN0CmNvbnRyYWN0IFRhYmxlIHsKICAgIGZ1bmN0aW9uIHNlbGVjdChzdHJpbmcsIENvbmRpdGlvbikgcHVibGljIHZpZXcgcmV0dXJucyAoRW50cmllcyk7CiAgICBmdW5jdGlvbiBpbnNlcnQoc3RyaW5nLCBFbnRyeSkgcHVibGljIHJldHVybnMgKGludDI1Nik7CiAgICBmdW5jdGlvbiB1cGRhdGUoc3RyaW5nLCBFbnRyeSwgQ29uZGl0aW9uKSBwdWJsaWMgcmV0dXJucyAoaW50MjU2KTsKICAgIGZ1bmN0aW9uIHJlbW92ZShzdHJpbmcsIENvbmRpdGlvbikgcHVibGljIHJldHVybnMgKGludDI1Nik7CgogICAgZnVuY3Rpb24gbmV3RW50cnkoKSBwdWJsaWMgdmlldyByZXR1cm5zIChFbnRyeSk7CiAgICBmdW5jdGlvbiBuZXdDb25kaXRpb24oKSBwdWJsaWMgdmlldyByZXR1cm5zIChDb25kaXRpb24pOwp9Cgpjb250cmFjdCBLVlRhYmxlRmFjdG9yeSB7CiAgICBmdW5jdGlvbiBvcGVuVGFibGUoc3RyaW5nKSBwdWJsaWMgdmlldyByZXR1cm5zIChLVlRhYmxlKTsKICAgIGZ1bmN0aW9uIGNyZWF0ZVRhYmxlKHN0cmluZywgc3RyaW5nLCBzdHJpbmcpIHB1YmxpYyByZXR1cm5zIChpbnQyNTYpOwp9CgovL0tWVGFibGUgcGVyIHBlcm1pYXJ5IGtleSBoYXMgb25seSBvbmUgRW50cnkKY29udHJhY3QgS1ZUYWJsZSB7CiAgICBmdW5jdGlvbiBnZXQoc3RyaW5nKSBwdWJsaWMgdmlldyByZXR1cm5zIChib29sLCBFbnRyeSk7CiAgICBmdW5jdGlvbiBzZXQoc3RyaW5nLCBFbnRyeSkgcHVibGljIHJldHVybnMgKGludDI1Nik7CiAgICBmdW5jdGlvbiBuZXdFbnRyeSgpIHB1YmxpYyB2aWV3IHJldHVybnMgKEVudHJ5KTsKfQo=',
 'IyB0YWJsZQoKdGFibGUgbGlicmFyeQoKQkNPUyBDUlVEIHVzZXMgdGhlIGJhc2UgbGlicmFyeSwgd2hpY2ggeW91IGNhbiByZWZlcmVuY2UgYnkgcmUtY29udHJhY3QgY2FsbGluZyBDUlVELlRhYmxlIGNvbnRyYWN0IHVzYWdlIG1ldGhvZHMgY2FuIGJlIGRlc2NyaWJlZCBieSByZWZlcnJpbmcgdG8gdGhlIGFzc2F0IGV4YW1wbGUgaW4gdGhlIGJjb3MgZG9jdW1lbnQgaHR0cHM6Ly9maXNjby1iY29zLWRvY3VtZW50YXRpb24ucmVhZHRoZWRvY3MuaW8u', 'IyB0YWJsZQoKdGFibGUgbGlicmFyeQoKQkNPUyBDUlVEIHVzZXMgdGhlIGJhc2UgbGlicmFyeSwgd2hpY2ggeW91IGNhbiByZWZlcmVuY2UgYnkgcmUtY29udHJhY3QgY2FsbGluZyBDUlVELlRhYmxlIGNvbnRyYWN0IHVzYWdlIG1ldGhvZHMgY2FuIGJlIGRlc2NyaWJlZCBieSByZWZlcnJpbmcgdG8gdGhlIGFzc2F0IGV4YW1wbGUgaW4gdGhlIGJjb3MgZG9jdW1lbnQgaHR0cHM6Ly9maXNjby1iY29zLWRvY3VtZW50YXRpb24ucmVhZHRoZWRvY3MuaW8u', now(), now());
INSERT INTO `tb_contract_item` (`id`, `warehouse_id`, `contract_folder_id`, `contract_name`, `contract_source`, `description`, `description_en`, `create_time`, `modify_time`) VALUES
(5, 1, 1, 'Roles', 'cHJhZ21hIHNvbGlkaXR5IF4wLjQuMjQ7CgpsaWJyYXJ5IFJvbGVzIHsKICAgIHN0cnVjdCBSb2xlIHsKICAgICAgICBtYXBwaW5nIChhZGRyZXNzID0+IGJvb2wpIGJlYXJlcjsKICAgIH0KCiAgICBmdW5jdGlvbiBhZGQoUm9sZSBzdG9yYWdlIHJvbGUsIGFkZHJlc3MgYWNjb3VudCkgaW50ZXJuYWwgewogICAgICAgIHJlcXVpcmUoIWhhcyhyb2xlLCBhY2NvdW50KSwgIlJvbGVzOiBhY2NvdW50IGFscmVhZHkgaGFzIHJvbGUiKTsKICAgICAgICByb2xlLmJlYXJlclthY2NvdW50XSA9IHRydWU7CiAgICB9CgogICAgZnVuY3Rpb24gcmVtb3ZlKFJvbGUgc3RvcmFnZSByb2xlLCBhZGRyZXNzIGFjY291bnQpIGludGVybmFsIHsKICAgICAgICByZXF1aXJlKGhhcyhyb2xlLCBhY2NvdW50KSwgIlJvbGVzOiBhY2NvdW50IGRvZXMgbm90IGhhdmUgcm9sZSIpOwogICAgICAgIHJvbGUuYmVhcmVyW2FjY291bnRdID0gZmFsc2U7CiAgICB9CgogICAgZnVuY3Rpb24gaGFzKFJvbGUgc3RvcmFnZSByb2xlLCBhZGRyZXNzIGFjY291bnQpIGludGVybmFsIHZpZXcgcmV0dXJucyAoYm9vbCkgewogICAgICAgIHJlcXVpcmUoYWNjb3VudCAhPSBhZGRyZXNzKDApLCAiUm9sZXM6IGFjY291bnQgaXMgdGhlIHplcm8gYWRkcmVzcyIpOwogICAgICAgIHJldHVybiByb2xlLmJlYXJlclthY2NvdW50XTsKICAgIH0KfQo=',
 'IyBSb2xlcwoKUm9sZSBwZXJtaXNzaW9ucyBjb250cm9sIGNvbnRyYWN0cwo=', 'IyBSb2xlcwoKUm9sZSBwZXJtaXNzaW9ucyBjb250cm9sIGNvbnRyYWN0cwo=', now(), now());
-- evidence --
INSERT INTO `tb_contract_item` (`id`, `warehouse_id`, `contract_folder_id`, `contract_name`, `contract_source`, `description`, `description_en`, `create_time`, `modify_time`) VALUES
(6, 2, 2, 'Evidence', 'cHJhZ21hIHNvbGlkaXR5IF4wLjQuNDsKY29udHJhY3QgRXZpZGVuY2VTaWduZXJzRGF0YUFCSXsgZnVuY3Rpb24gdmVyaWZ5KGFkZHJlc3MgYWRkcilwdWJsaWMgY29uc3RhbnQgcmV0dXJucyhib29sKXt9CmZ1bmN0aW9uIGdldFNpZ25lcih1aW50IGluZGV4KXB1YmxpYyBjb25zdGFudCByZXR1cm5zKGFkZHJlc3Mpe30gCmZ1bmN0aW9uIGdldFNpZ25lcnNTaXplKCkgcHVibGljIGNvbnN0YW50IHJldHVybnModWludCl7fQp9Cgpjb250cmFjdCBFdmlkZW5jZXsKICAgIAogICAgc3RyaW5nIGV2aWRlbmNlOwogICAgc3RyaW5nIGV2aWRlbmNlSW5mbzsKICAgIHN0cmluZyBldmlkZW5jZUlkOwogICAgdWludDhbXSBfdjsKICAgIGJ5dGVzMzJbXSBfcjsKICAgIGJ5dGVzMzJbXSBfczsKICAgIGFkZHJlc3NbXSBzaWduZXJzOwogICAgYWRkcmVzcyBwdWJsaWMgc2lnbmVyc0FkZHI7CiAgICAKICAgICAgICBldmVudCBhZGRTaWduYXR1cmVzRXZlbnQoc3RyaW5nIGV2aSwgc3RyaW5nIGluZm8sIHN0cmluZyBpZCwgdWludDggdiwgYnl0ZXMzMiByLCBieXRlczMyIHMpOwogICAgICAgIGV2ZW50IG5ld1NpZ25hdHVyZXNFdmVudChzdHJpbmcgZXZpLCBzdHJpbmcgaW5mbywgc3RyaW5nIGlkLCB1aW50OCB2LCBieXRlczMyIHIsIGJ5dGVzMzIgcyxhZGRyZXNzIGFkZHIpOwogICAgICAgIGV2ZW50IGVycm9yTmV3U2lnbmF0dXJlc0V2ZW50KHN0cmluZyBldmksIHN0cmluZyBpbmZvLCBzdHJpbmcgaWQsIHVpbnQ4IHYsIGJ5dGVzMzIgciwgYnl0ZXMzMiBzLGFkZHJlc3MgYWRkcik7CiAgICAgICAgZXZlbnQgZXJyb3JBZGRTaWduYXR1cmVzRXZlbnQoc3RyaW5nIGV2aSwgc3RyaW5nIGluZm8sIHN0cmluZyBpZCwgdWludDggdiwgYnl0ZXMzMiByLCBieXRlczMyIHMsYWRkcmVzcyBhZGRyKTsKICAgICAgICBldmVudCBhZGRSZXBlYXRTaWduYXR1cmVzRXZlbnQoc3RyaW5nIGV2aSwgc3RyaW5nIGluZm8sIHN0cmluZyBpZCwgdWludDggdiwgYnl0ZXMzMiByLCBieXRlczMyIHMpOwogICAgICAgIGV2ZW50IGVycm9yUmVwZWF0U2lnbmF0dXJlc0V2ZW50KHN0cmluZyBldmksIHN0cmluZyBpZCwgdWludDggdiwgYnl0ZXMzMiByLCBieXRlczMyIHMsIGFkZHJlc3MgYWRkcik7CgogICAgZnVuY3Rpb24gQ2FsbFZlcmlmeShhZGRyZXNzIGFkZHIpIHB1YmxpYyBjb25zdGFudCByZXR1cm5zKGJvb2wpIHsKICAgICAgICByZXR1cm4gRXZpZGVuY2VTaWduZXJzRGF0YUFCSShzaWduZXJzQWRkcikudmVyaWZ5KGFkZHIpOwogICAgfQoKICAgICAgIGZ1bmN0aW9uIEV2aWRlbmNlKHN0cmluZyBldmksIHN0cmluZyBpbmZvLCBzdHJpbmcgaWQsIHVpbnQ4IHYsIGJ5dGVzMzIgciwgYnl0ZXMzMiBzLCBhZGRyZXNzIGFkZHIsIGFkZHJlc3Mgc2VuZGVyKSBwdWJsaWMgewogICAgICAgc2lnbmVyc0FkZHIgPSBhZGRyOwogICAgICAgaWYoQ2FsbFZlcmlmeShzZW5kZXIpKQogICAgICAgewogICAgICAgICAgIGV2aWRlbmNlID0gZXZpOwogICAgICAgICAgIGV2aWRlbmNlSW5mbyA9IGluZm87CiAgICAgICAgICAgZXZpZGVuY2VJZCA9IGlkOwogICAgICAgICAgIF92LnB1c2godik7CiAgICAgICAgICAgX3IucHVzaChyKTsKICAgICAgICAgICBfcy5wdXNoKHMpOwogICAgICAgICAgIHNpZ25lcnMucHVzaChzZW5kZXIpOwogICAgICAgICAgIG5ld1NpZ25hdHVyZXNFdmVudChldmksaW5mbyxpZCx2LHIscyxhZGRyKTsKICAgICAgIH0KICAgICAgIGVsc2UKICAgICAgIHsKICAgICAgICAgICBlcnJvck5ld1NpZ25hdHVyZXNFdmVudChldmksaW5mbyxpZCx2LHIscyxhZGRyKTsKICAgICAgIH0KICAgIH0KCiAgICAgICAgZnVuY3Rpb24gZ2V0RXZpZGVuY2VJbmZvKCkgcHVibGljIGNvbnN0YW50IHJldHVybnMoc3RyaW5nKXsKICAgICAgICAgICAgcmV0dXJuIGV2aWRlbmNlSW5mbzsKICAgIH0KCiAgICBmdW5jdGlvbiBnZXRFdmlkZW5jZSgpIHB1YmxpYyBjb25zdGFudCByZXR1cm5zKHN0cmluZyxzdHJpbmcsc3RyaW5nLHVpbnQ4W10sYnl0ZXMzMltdLGJ5dGVzMzJbXSxhZGRyZXNzW10pewogICAgICAgIHVpbnQgbGVuZ3RoID0gRXZpZGVuY2VTaWduZXJzRGF0YUFCSShzaWduZXJzQWRkcikuZ2V0U2lnbmVyc1NpemUoKTsKICAgICAgICAgYWRkcmVzc1tdIG1lbW9yeSBzaWduZXJMaXN0ID0gbmV3IGFkZHJlc3NbXShsZW5ndGgpOwogICAgICAgICBmb3IodWludCBpPSAwIDtpPGxlbmd0aCA7aSsrKQogICAgICAgICB7CiAgICAgICAgICAgICBzaWduZXJMaXN0W2ldID0gKEV2aWRlbmNlU2lnbmVyc0RhdGFBQkkoc2lnbmVyc0FkZHIpLmdldFNpZ25lcihpKSk7CiAgICAgICAgIH0KICAgICAgICByZXR1cm4oZXZpZGVuY2UsZXZpZGVuY2VJbmZvLGV2aWRlbmNlSWQsX3YsX3IsX3Msc2lnbmVyTGlzdCk7CiAgICB9CgogICAgZnVuY3Rpb24gYWRkU2lnbmF0dXJlcyh1aW50OCB2LCBieXRlczMyIHIsIGJ5dGVzMzIgcykgcHVibGljIHJldHVybnMoYm9vbCkgewogICAgICAgIGZvcih1aW50IGk9IDAgO2k8c2lnbmVycy5sZW5ndGggO2krKykKICAgICAgICB7CiAgICAgICAgICAgIGlmKG1zZy5zZW5kZXIgPT0gc2lnbmVyc1tpXSkKICAgICAgICAgICAgewogICAgICAgICAgICAgICAgaWYoIF92W2ldID09IHYgJiYgX3JbaV0gPT0gciAmJiBfc1tpXSA9PSBzKQogICAgICAgICAgICAgICAgewogICAgICAgICAgICAgICAgICAgIGFkZFJlcGVhdFNpZ25hdHVyZXNFdmVudChldmlkZW5jZSxldmlkZW5jZUluZm8sZXZpZGVuY2VJZCx2LHIscyk7CiAgICAgICAgICAgICAgICAgICAgcmV0dXJuIHRydWU7CiAgICAgICAgICAgICAgICB9CiAgICAgICAgICAgICAgICBlbHNlCiAgICAgICAgICAgICAgICB7CiAgICAgICAgICAgICAgICAgICAgIGVycm9yUmVwZWF0U2lnbmF0dXJlc0V2ZW50KGV2aWRlbmNlLGV2aWRlbmNlSWQsdixyLHMsbXNnLnNlbmRlcik7CiAgICAgICAgICAgICAgICAgICAgIHJldHVybiBmYWxzZTsKICAgICAgICAgICAgICAgIH0KICAgICAgICAgICAgfQogICAgICAgIH0KICAgICAgIGlmKENhbGxWZXJpZnkobXNnLnNlbmRlcikpCiAgICAgICB7CiAgICAgICAgICAgIF92LnB1c2godik7CiAgICAgICAgICAgIF9yLnB1c2gocik7CiAgICAgICAgICAgIF9zLnB1c2gocyk7CiAgICAgICAgICAgIHNpZ25lcnMucHVzaChtc2cuc2VuZGVyKTsKICAgICAgICAgICAgYWRkU2lnbmF0dXJlc0V2ZW50KGV2aWRlbmNlLGV2aWRlbmNlSW5mbyxldmlkZW5jZUlkLHYscixzKTsKICAgICAgICAgICAgcmV0dXJuIHRydWU7CiAgICAgICB9CiAgICAgICBlbHNlCiAgICAgICB7CiAgICAgICAgICAgZXJyb3JBZGRTaWduYXR1cmVzRXZlbnQoZXZpZGVuY2UsZXZpZGVuY2VJbmZvLGV2aWRlbmNlSWQsdixyLHMsbXNnLnNlbmRlcik7CiAgICAgICAgICAgcmV0dXJuIGZhbHNlOwogICAgICAgfQogICAgfQogICAgCiAgICBmdW5jdGlvbiBnZXRTaWduZXJzKClwdWJsaWMgY29uc3RhbnQgcmV0dXJucyhhZGRyZXNzW10pCiAgICB7CiAgICAgICAgIHVpbnQgbGVuZ3RoID0gRXZpZGVuY2VTaWduZXJzRGF0YUFCSShzaWduZXJzQWRkcikuZ2V0U2lnbmVyc1NpemUoKTsKICAgICAgICAgYWRkcmVzc1tdIG1lbW9yeSBzaWduZXJMaXN0ID0gbmV3IGFkZHJlc3NbXShsZW5ndGgpOwogICAgICAgICBmb3IodWludCBpPSAwIDtpPGxlbmd0aCA7aSsrKQogICAgICAgICB7CiAgICAgICAgICAgICBzaWduZXJMaXN0W2ldID0gKEV2aWRlbmNlU2lnbmVyc0RhdGFBQkkoc2lnbmVyc0FkZHIpLmdldFNpZ25lcihpKSk7CiAgICAgICAgIH0KICAgICAgICAgcmV0dXJuIHNpZ25lckxpc3Q7CiAgICB9Cn0=',
 'IyBFdmlkZW5jZSDlkIjnuqYKCiMjIOeugOS7iwpFdmlkZW5jZSDnpLrkvovlkIjnuqbvvIzkvb/nlKjliIblsYLnmoTmmbrog73lkIjnuqbnu5PmnoTvvJogCjHvvInlt6XljoLlkIjnuqbvvIhFdmlkZW5jZVNpZ25lcnNEYXRhLnNvbO+8ie+8jOeUseWtmOivgeWQhOaWueS6i+WJjee6puWumu+8jOWtmOWCqOWtmOivgeeUn+aViOadoeS7tu+8jOW5tueuoeeQhuWtmOivgeeahOeUn+aIkOOAgiAgCjLvvInlrZjor4HlkIjnuqbvvIhFdmlkZW5jZS5zb2zvvInvvIznlLHlt6XljoLlkIjnuqbnlJ/miJDvvIzlrZjlgqjlrZjor4FpZO+8jGhhc2jlkozlkITmlrnnrb7lkI3vvIjmr4/lvKDlrZjor4HkuIDkuKrlkIjnuqbvvInjgIIgIA==', '', now(), now());
INSERT INTO `tb_contract_item` (`id`, `warehouse_id`, `contract_folder_id`, `contract_name`, `contract_source`, `description`, `description_en`, `create_time`, `modify_time`) VALUES
(7, 2, 2, 'EvidenceSignersData', 'cHJhZ21hIHNvbGlkaXR5IF4wLjQuNDsKaW1wb3J0ICJFdmlkZW5jZS5zb2wiOwoKY29udHJhY3QgRXZpZGVuY2VTaWduZXJzRGF0YXsKICAgICAgICBhZGRyZXNzW10gc2lnbmVyczsKCQlldmVudCBuZXdFdmlkZW5jZUV2ZW50KGFkZHJlc3MgYWRkcik7CiAgICAgICAgZnVuY3Rpb24gbmV3RXZpZGVuY2Uoc3RyaW5nIGV2aSwgc3RyaW5nIGluZm8sc3RyaW5nIGlkLHVpbnQ4IHYsIGJ5dGVzMzIgcixieXRlczMyIHMpcHVibGljIHJldHVybnMoYWRkcmVzcykKICAgICAgICB7CiAgICAgICAgICAgIEV2aWRlbmNlIGV2aWRlbmNlID0gbmV3IEV2aWRlbmNlKGV2aSwgaW5mbywgaWQsIHYsIHIsIHMsIHRoaXMsIG1zZy5zZW5kZXIpOwogICAgICAgICAgICBuZXdFdmlkZW5jZUV2ZW50KGV2aWRlbmNlKTsKICAgICAgICAgICAgcmV0dXJuIGV2aWRlbmNlOwogICAgICAgIH0KCiAgICAgICAgZnVuY3Rpb24gRXZpZGVuY2VTaWduZXJzRGF0YShhZGRyZXNzW10gZXZpZGVuY2VTaWduZXJzKXB1YmxpY3sKICAgICAgICAgICAgZm9yKHVpbnQgaT0wOyBpPGV2aWRlbmNlU2lnbmVycy5sZW5ndGg7ICsraSkgewogICAgICAgICAgICBzaWduZXJzLnB1c2goZXZpZGVuY2VTaWduZXJzW2ldKTsKCQkJfQoJCX0KCiAgICBmdW5jdGlvbiB2ZXJpZnkoYWRkcmVzcyBhZGRyKXB1YmxpYyBjb25zdGFudCByZXR1cm5zKGJvb2wpewogICAgZm9yKHVpbnQgaT0wOyBpPHNpZ25lcnMubGVuZ3RoOyArK2kpIHsKICAgICAgICBpZiAoYWRkciA9PSBzaWduZXJzW2ldKQogICAgICAgIHsKICAgICAgICAgICAgcmV0dXJuIHRydWU7CiAgICAgICAgfQogICAgfQogICAgcmV0dXJuIGZhbHNlOwp9CgogICAgZnVuY3Rpb24gZ2V0U2lnbmVyKHVpbnQgaW5kZXgpcHVibGljIGNvbnN0YW50IHJldHVybnMoYWRkcmVzcyl7CiAgICAgICAgdWludCBsaXN0U2l6ZSA9IHNpZ25lcnMubGVuZ3RoOwogICAgICAgIGlmKGluZGV4IDwgbGlzdFNpemUpCiAgICAgICAgewogICAgICAgICAgICByZXR1cm4gc2lnbmVyc1tpbmRleF07CiAgICAgICAgfQogICAgICAgIGVsc2UKICAgICAgICB7CiAgICAgICAgICAgIHJldHVybiAwOwogICAgICAgIH0KCiAgICB9CgogICAgZnVuY3Rpb24gZ2V0U2lnbmVyc1NpemUoKSBwdWJsaWMgY29uc3RhbnQgcmV0dXJucyh1aW50KXsKICAgICAgICByZXR1cm4gc2lnbmVycy5sZW5ndGg7CiAgICB9CgogICAgZnVuY3Rpb24gZ2V0U2lnbmVycygpIHB1YmxpYyBjb25zdGFudCByZXR1cm5zKGFkZHJlc3NbXSl7CiAgICAgICAgcmV0dXJuIHNpZ25lcnM7CiAgICB9Cgp9',
 'IyBFdmlkZW5jZSDlkIjnuqYKCiMjIOeugOS7iwpFdmlkZW5jZSDnpLrkvovlkIjnuqbvvIzkvb/nlKjliIblsYLnmoTmmbrog73lkIjnuqbnu5PmnoTvvJogCjHvvInlt6XljoLlkIjnuqbvvIhFdmlkZW5jZVNpZ25lcnNEYXRhLnNvbO+8ie+8jOeUseWtmOivgeWQhOaWueS6i+WJjee6puWumu+8jOWtmOWCqOWtmOivgeeUn+aViOadoeS7tu+8jOW5tueuoeeQhuWtmOivgeeahOeUn+aIkOOAgiAgCjLvvInlrZjor4HlkIjnuqbvvIhFdmlkZW5jZS5zb2zvvInvvIznlLHlt6XljoLlkIjnuqbnlJ/miJDvvIzlrZjlgqjlrZjor4FpZO+8jGhhc2jlkozlkITmlrnnrb7lkI3vvIjmr4/lvKDlrZjor4HkuIDkuKrlkIjnuqbvvInjgIIgIA==', '', now(), now());
-- bac points --
INSERT INTO `tb_contract_item` (`id`, `warehouse_id`, `contract_folder_id`, `contract_name`, `contract_source`, `description`, `description_en`, `create_time`, `modify_time`) VALUES
(8, 3, 3, 'BAC001', 'cHJhZ21hIHNvbGlkaXR5IF4wLjQuMjQ7CgppbXBvcnQgIi4vU2FmZU1hdGguc29sIjsKaW1wb3J0ICIuL1JvbGVzLnNvbCI7CmltcG9ydCAiLi9BZGRyZXNzLnNvbCI7Cgpjb250cmFjdCBJc3N1ZXJSb2xlIHsKICAgIHVzaW5nIFJvbGVzIGZvciBSb2xlcy5Sb2xlOwoKICAgIGV2ZW50IElzc3VlckFkZGVkKGFkZHJlc3MgaW5kZXhlZCBhY2NvdW50KTsKICAgIGV2ZW50IElzc3VlclJlbW92ZWQoYWRkcmVzcyBpbmRleGVkIGFjY291bnQpOwoKICAgIFJvbGVzLlJvbGUgcHJpdmF0ZSBfaXNzdWVyczsKCiAgICBjb25zdHJ1Y3RvciAoKSBpbnRlcm5hbCB7CiAgICAgICAgX2FkZElzc3Vlcihtc2cuc2VuZGVyKTsKICAgIH0KCiAgICBtb2RpZmllciBvbmx5SXNzdWVyKCkgewogICAgICAgIHJlcXVpcmUoaXNJc3N1ZXIobXNnLnNlbmRlciksICJJc3N1ZXJSb2xlOiBjYWxsZXIgZG9lcyBub3QgaGF2ZSB0aGUgSXNzdWVyIHJvbGUiKTsKICAgICAgICBfOwogICAgfQoKICAgIGZ1bmN0aW9uIGlzSXNzdWVyKGFkZHJlc3MgYWNjb3VudCkgcHVibGljIHZpZXcgcmV0dXJucyAoYm9vbCkgewogICAgICAgIHJldHVybiBfaXNzdWVycy5oYXMoYWNjb3VudCk7CiAgICB9CgogICAgZnVuY3Rpb24gYWRkSXNzdWVyKGFkZHJlc3MgYWNjb3VudCkgcHVibGljIG9ubHlJc3N1ZXIgewogICAgICAgIF9hZGRJc3N1ZXIoYWNjb3VudCk7CiAgICB9CgogICAgZnVuY3Rpb24gcmVub3VuY2VJc3N1ZXIoKSBwdWJsaWMgewogICAgICAgIF9yZW1vdmVJc3N1ZXIobXNnLnNlbmRlcik7CiAgICB9CgogICAgZnVuY3Rpb24gX2FkZElzc3VlcihhZGRyZXNzIGFjY291bnQpIGludGVybmFsIHsKICAgICAgICBfaXNzdWVycy5hZGQoYWNjb3VudCk7CiAgICAgICAgZW1pdCBJc3N1ZXJBZGRlZChhY2NvdW50KTsKICAgIH0KCiAgICBmdW5jdGlvbiBfcmVtb3ZlSXNzdWVyKGFkZHJlc3MgYWNjb3VudCkgaW50ZXJuYWwgewogICAgICAgIF9pc3N1ZXJzLnJlbW92ZShhY2NvdW50KTsKICAgICAgICBlbWl0IElzc3VlclJlbW92ZWQoYWNjb3VudCk7CiAgICB9Cn0KCmNvbnRyYWN0IFN1c3BlbmRlclJvbGUgewogICAgdXNpbmcgUm9sZXMgZm9yIFJvbGVzLlJvbGU7CgogICAgZXZlbnQgU3VzcGVuZGVyQWRkZWQoYWRkcmVzcyBpbmRleGVkIGFjY291bnQpOwogICAgZXZlbnQgU3VzcGVuZGVyUmVtb3ZlZChhZGRyZXNzIGluZGV4ZWQgYWNjb3VudCk7CgogICAgUm9sZXMuUm9sZSBwcml2YXRlIF9zdXNwZW5kZXJzOwoKICAgIGNvbnN0cnVjdG9yICgpIGludGVybmFsIHsKICAgICAgICBfYWRkU3VzcGVuZGVyKG1zZy5zZW5kZXIpOwogICAgfQoKICAgIG1vZGlmaWVyIG9ubHlTdXNwZW5kZXIoKSB7CiAgICAgICAgcmVxdWlyZShpc1N1c3BlbmRlcihtc2cuc2VuZGVyKSwgIlN1c3BlbmRlclJvbGU6IGNhbGxlciBkb2VzIG5vdCBoYXZlIHRoZSBTdXNwZW5kZXIgcm9sZSIpOwogICAgICAgIF87CiAgICB9CgogICAgZnVuY3Rpb24gaXNTdXNwZW5kZXIoYWRkcmVzcyBhY2NvdW50KSBwdWJsaWMgdmlldyByZXR1cm5zIChib29sKSB7CiAgICAgICAgcmV0dXJuIF9zdXNwZW5kZXJzLmhhcyhhY2NvdW50KTsKICAgIH0KCiAgICBmdW5jdGlvbiBhZGRTdXNwZW5kZXIoYWRkcmVzcyBhY2NvdW50KSBwdWJsaWMgb25seVN1c3BlbmRlciB7CiAgICAgICAgX2FkZFN1c3BlbmRlcihhY2NvdW50KTsKICAgIH0KCiAgICBmdW5jdGlvbiByZW5vdW5jZVN1c3BlbmRlcigpIHB1YmxpYyB7CiAgICAgICAgX3JlbW92ZVN1c3BlbmRlcihtc2cuc2VuZGVyKTsKICAgIH0KCiAgICBmdW5jdGlvbiBfYWRkU3VzcGVuZGVyKGFkZHJlc3MgYWNjb3VudCkgaW50ZXJuYWwgewogICAgICAgIF9zdXNwZW5kZXJzLmFkZChhY2NvdW50KTsKICAgICAgICBlbWl0IFN1c3BlbmRlckFkZGVkKGFjY291bnQpOwogICAgfQoKICAgIGZ1bmN0aW9uIF9yZW1vdmVTdXNwZW5kZXIoYWRkcmVzcyBhY2NvdW50KSBpbnRlcm5hbCB7CiAgICAgICAgX3N1c3BlbmRlcnMucmVtb3ZlKGFjY291bnQpOwogICAgICAgIGVtaXQgU3VzcGVuZGVyUmVtb3ZlZChhY2NvdW50KTsKICAgIH0KfQoKY29udHJhY3QgU3VzcGVuZGFibGUgaXMgU3VzcGVuZGVyUm9sZSB7CgogICAgZXZlbnQgU3VzcGVuZGVkKGFkZHJlc3MgYWNjb3VudCk7CiAgICBldmVudCBVblN1c3BlbmRlZChhZGRyZXNzIGFjY291bnQpOwoKICAgIGJvb2wgcHJpdmF0ZSBfc3VzcGVuZGVkOwoKICAgIGNvbnN0cnVjdG9yICgpIGludGVybmFsIHsKICAgICAgICBfc3VzcGVuZGVkID0gZmFsc2U7CiAgICB9CgogICAgLyoqCiAgICAgKiBAcmV0dXJuIFRydWUgaWYgdGhlIGNvbnRyYWN0IGlzIHN1c3BlbmRlZCwgZmFsc2Ugb3RoZXJ3aXNlLgogICAgICovCiAgICBmdW5jdGlvbiBzdXNwZW5kZWQoKSBwdWJsaWMgdmlldyByZXR1cm5zIChib29sKSB7CiAgICAgICAgcmV0dXJuIF9zdXNwZW5kZWQ7CiAgICB9CgogICAgLyoqCiAgICAgKiBAZGV2IE1vZGlmaWVyIHRvIG1ha2UgYSBmdW5jdGlvbiBjYWxsYWJsZSBvbmx5IHdoZW4gdGhlIGNvbnRyYWN0IGlzIG5vdCBzdXNwZW5kZWQuCiAgICAgKi8KICAgIG1vZGlmaWVyIHdoZW5Ob3RTdXNwZW5kZWQoKSB7CiAgICAgICAgcmVxdWlyZSghX3N1c3BlbmRlZCwgIlN1c3BlbmRhYmxlOiBzdXNwZW5kZWQiKTsKICAgICAgICBfOwogICAgfQoKICAgIC8qKgogICAgICogQGRldiBNb2RpZmllciB0byBtYWtlIGEgZnVuY3Rpb24gY2FsbGFibGUgb25seSB3aGVuIHRoZSBjb250cmFjdCBpcyBzdXNwZW5kZWQuCiAgICAgKi8KICAgIG1vZGlmaWVyIHdoZW5TdXNwZW5kZWQoKSB7CiAgICAgICAgcmVxdWlyZShfc3VzcGVuZGVkLCAiU3VzcGVuZGFibGU6IG5vdCBzdXNwZW5kZWQiKTsKICAgICAgICBfOwogICAgfQoKICAgIC8qKgogICAgICogQGRldiBDYWxsZWQgYnkgYSBTdXNwZW5kZXIgdG8gc3VzcGVuZCwgdHJpZ2dlcnMgc3RvcHBlZCBzdGF0ZS4KICAgICAqLwogICAgZnVuY3Rpb24gc3VzcGVuZCgpIHB1YmxpYyBvbmx5U3VzcGVuZGVyIHdoZW5Ob3RTdXNwZW5kZWQgewogICAgICAgIF9zdXNwZW5kZWQgPSB0cnVlOwogICAgICAgIGVtaXQgU3VzcGVuZGVkKG1zZy5zZW5kZXIpOwogICAgfQoKICAgIC8qKgogICAgICogQGRldiBDYWxsZWQgYnkgYSBTdXNwZW5kZXIgdG8gdW5TdXNwZW5kLCByZXR1cm5zIHRvIG5vcm1hbCBzdGF0ZS4KICAgICAqLwogICAgZnVuY3Rpb24gdW5TdXNwZW5kKCkgcHVibGljIG9ubHlTdXNwZW5kZXIgd2hlblN1c3BlbmRlZCB7CiAgICAgICAgX3N1c3BlbmRlZCA9IGZhbHNlOwogICAgICAgIGVtaXQgVW5TdXNwZW5kZWQobXNnLnNlbmRlcik7CiAgICB9Cn0KCmNvbnRyYWN0IElCQUMwMDFSZWNlaXZlciB7CiAgICAvKioKICAgICAqIEBub3RpY2UgSGFuZGxlIHRoZSByZWNlaXB0IG9mIGFuIE5GVAogICAgICogQGRldiBUaGUgQkFDMDAxIHNtYXJ0IGNvbnRyYWN0IGNhbGxzIHRoaXMgZnVuY3Rpb24gb24gdGhlIHJlY2lwaWVudAogICAgICovCiAgICBmdW5jdGlvbiBvbkJBQzAwMVJlY2VpdmVkKGFkZHJlc3Mgb3BlcmF0b3IsIGFkZHJlc3MgZnJvbSwgdWludDI1NiB2YWx1ZSwgYnl0ZXMgZGF0YSkKICAgIHB1YmxpYyByZXR1cm5zIChieXRlczQpOwp9Cgpjb250cmFjdCBCQUMwMDFIb2xkZXIgaXMgSUJBQzAwMVJlY2VpdmVyIHsKICAgIGZ1bmN0aW9uIG9uQkFDMDAxUmVjZWl2ZWQoYWRkcmVzcywgYWRkcmVzcywgdWludDI1NiwgYnl0ZXMpIHB1YmxpYyByZXR1cm5zIChieXRlczQpIHsKICAgICAgICByZXR1cm4gdGhpcy5vbkJBQzAwMVJlY2VpdmVkLnNlbGVjdG9yOwogICAgfQp9CgoKLyoqCiAqIEB0aXRsZSBTdGFuZGFyZCBCQUMwMDEgYXNzZXQKICovCmNvbnRyYWN0IEJBQzAwMSBpcyBJc3N1ZXJSb2xlLCBTdXNwZW5kYWJsZSB7CiAgICB1c2luZyBTYWZlTWF0aCBmb3IgdWludDI1NjsKICAgIHVzaW5nIEFkZHJlc3MgZm9yIGFkZHJlc3M7CgogICAgbWFwcGluZyhhZGRyZXNzID0+IHVpbnQyNTYpIHByaXZhdGUgX2JhbGFuY2VzOwogICAgbWFwcGluZyhhZGRyZXNzID0+IG1hcHBpbmcoYWRkcmVzcyA9PiB1aW50MjU2KSkgcHJpdmF0ZSBfYWxsb3dlZDsKICAgIHVpbnQyNTYgcHJpdmF0ZSBfdG90YWxBbW91bnQ7CiAgICBzdHJpbmcgcHJpdmF0ZSBfZGVzY3JpcHRpb247CiAgICBzdHJpbmcgcHJpdmF0ZSBfc2hvcnROYW1lOwogICAgdWludDggcHJpdmF0ZSAgX21pblVuaXQ7CgogICAgLy8gRXF1YWxzIHRvIGBieXRlczQoa2VjY2FrMjU2KCJvbkJBQzAwMVJlY2VpdmVkKGFkZHJlc3MsYWRkcmVzcyx1aW50MjU2LGJ5dGVzKSIpKWAKICAgIGJ5dGVzNCBwcml2YXRlIGNvbnN0YW50IF9CQUMwMDFfUkVDRUlWRUQgPSAweGM3M2QxNmFlOwoKCiAgICBldmVudCBTZW5kKCBhZGRyZXNzIGluZGV4ZWQgZnJvbSwgYWRkcmVzcyBpbmRleGVkIHRvLCB1aW50MjU2IHZhbHVlLCBieXRlcyBkYXRhKTsKICAgIGV2ZW50IEFwcHJvdmFsKCBhZGRyZXNzIGluZGV4ZWQgb3duZXIsIGFkZHJlc3MgaW5kZXhlZCBzcGVuZGVyLCB1aW50MjU2IHZhbHVlKTsKCgogICAgY29uc3RydWN0b3Ioc3RyaW5nIG1lbW9yeSBkZXNjcmlwdGlvbiwgc3RyaW5nIG1lbW9yeSBzaG9ydE5hbWUsIHVpbnQ4IG1pblVuaXQsIHVpbnQyNTYgdG90YWxBbW91bnQpIHB1YmxpYyB7CiAgICAgICAgX2Rlc2NyaXB0aW9uID0gZGVzY3JpcHRpb247CiAgICAgICAgX3Nob3J0TmFtZSA9IHNob3J0TmFtZTsKICAgICAgICBfbWluVW5pdCA9IG1pblVuaXQ7CiAgICAgICAgX2lzc3VlKG1zZy5zZW5kZXIsIHRvdGFsQW1vdW50ICogKDEwICoqIHVpbnQyNTYobWluVW5pdCkpLCAiIik7CiAgICB9CgoKICAgIGZ1bmN0aW9uIHRvdGFsQW1vdW50KCkgcHVibGljIHZpZXcgcmV0dXJucyAodWludDI1NikgewogICAgICAgIHJldHVybiBfdG90YWxBbW91bnQ7CiAgICB9CgogICAgZnVuY3Rpb24gYmFsYW5jZShhZGRyZXNzIG93bmVyKSBwdWJsaWMgdmlldyByZXR1cm5zICh1aW50MjU2KSB7CiAgICAgICAgcmV0dXJuIF9iYWxhbmNlc1tvd25lcl07CiAgICB9CgogICAgLyoqCiAgICAgKiBAZGV2IEZ1bmN0aW9uIHRvIGNoZWNrIHRoZSBhbW91bnQgb2YgYXNzZXRzIHRoYXQgYW4gb3duZXIgYWxsb3dlZCB0byBhIHNwZW5kZXIuCiAgICAgKi8KICAgIGZ1bmN0aW9uIGFsbG93YW5jZShhZGRyZXNzIG93bmVyLCBhZGRyZXNzIHNwZW5kZXIpIHB1YmxpYyB2aWV3IHJldHVybnMgKHVpbnQyNTYpIHsKICAgICAgICByZXR1cm4gX2FsbG93ZWRbb3duZXJdW3NwZW5kZXJdOwogICAgfQoKICAgIGZ1bmN0aW9uIHNlbmQoYWRkcmVzcyB0bywgdWludDI1NiB2YWx1ZSwgYnl0ZXMgZGF0YSkgcHVibGljIHdoZW5Ob3RTdXNwZW5kZWQgewogICAgICAgIF9zZW5kKG1zZy5zZW5kZXIsIHRvLCB2YWx1ZSwgZGF0YSk7CiAgICAgICAgcmVxdWlyZShfY2hlY2tPbkJBQzAwMVJlY2VpdmVkKG1zZy5zZW5kZXIsIHRvLCB2YWx1ZSwgZGF0YSksICJCQUMwMDE6IHNlbmQgdG8gbm9uIEJBQzAwMVJlY2VpdmVyIGltcGxlbWVudGVyIik7CgogICAgfQoKLy8gICAgZnVuY3Rpb24gc2FmZVNlbmQoYWRkcmVzcyB0bywgdWludDI1NiB2YWx1ZSwgYnl0ZXMgZGF0YSkgcHVibGljIHdoZW5Ob3RTdXNwZW5kZWQgewovLyAgICAgICAgc2VuZCh0bywgdmFsdWUsIGRhdGEpOwovLyAgICAgICAgcmVxdWlyZShfY2hlY2tPbkJBQzAwMVJlY2VpdmVkKG1zZy5zZW5kZXIsIHRvLCB2YWx1ZSwgZGF0YSksICJCQUMwMDE6IHNlbmQgdG8gbm9uIEJBQzAwMVJlY2VpdmVyIGltcGxlbWVudGVyIik7Ci8vICAgIH0KCgogICAgLyoqCiAgICAgKiBAZGV2IEFwcHJvdmUgdGhlIHBhc3NlZCBhZGRyZXNzIHRvIHNwZW5kIHRoZSBzcGVjaWZpZWQgYW1vdW50IG9mIGFzc2V0cyBvbiBiZWhhbGYgb2YgbXNnLnNlbmRlci4KICAgICAqLwogICAgZnVuY3Rpb24gYXBwcm92ZShhZGRyZXNzIHNwZW5kZXIsIHVpbnQyNTYgdmFsdWUpIHB1YmxpYyB3aGVuTm90U3VzcGVuZGVkIHJldHVybnMgKGJvb2wpIHsKICAgICAgICBfYXBwcm92ZShtc2cuc2VuZGVyLCBzcGVuZGVyLCB2YWx1ZSk7CiAgICAgICAgcmV0dXJuIHRydWU7CiAgICB9CgogICAgLyoqCiAgICAgKiBAZGV2IFNlbmQgYXNzZXRzIGZyb20gb25lIGFkZHJlc3MgdG8gYW5vdGhlci4KICAgICAqLwogICAgZnVuY3Rpb24gc2VuZEZyb20oYWRkcmVzcyBmcm9tLCBhZGRyZXNzIHRvLCB1aW50MjU2IHZhbHVlLCBieXRlcyBkYXRhKSBwdWJsaWMgd2hlbk5vdFN1c3BlbmRlZCB7CiAgICAgICAgX3NlbmQoZnJvbSwgdG8sIHZhbHVlLCBkYXRhKTsKICAgICAgICBfYXBwcm92ZShmcm9tLCBtc2cuc2VuZGVyLCBfYWxsb3dlZFtmcm9tXVttc2cuc2VuZGVyXS5zdWIodmFsdWUpKTsKICAgICAgICAvL2FkZAogICAgICAgIHJlcXVpcmUoX2NoZWNrT25CQUMwMDFSZWNlaXZlZChmcm9tLCB0bywgdmFsdWUsIGRhdGEpLCAiQkFDMDAxOiBzZW5kIHRvIG5vbiBCQUMwMDFSZWNlaXZlciBpbXBsZW1lbnRlciIpOwoKCiAgICB9CgovLy8vIHNhZmUgdG9kbwovLyAgICBmdW5jdGlvbiBzYWZlU2VuZEZyb20oYWRkcmVzcyBmcm9tLCBhZGRyZXNzIHRvLCB1aW50MjU2IHZhbHVlLCBieXRlcyBkYXRhKSBwdWJsaWMgd2hlbk5vdFN1c3BlbmRlZCB7Ci8vICAgICAgICBzZW5kRnJvbShmcm9tLCB0bywgdmFsdWUsIGRhdGEpOwovLyAgICAgICAgcmVxdWlyZShfY2hlY2tPbkJBQzAwMVJlY2VpdmVkKGZyb20sIHRvLCB2YWx1ZSwgZGF0YSksICJCQUMwMDE6IHNlbmQgdG8gbm9uIEJBQzAwMVJlY2VpdmVyIGltcGxlbWVudGVyIik7Ci8vICAgIH0KCgogICAgZnVuY3Rpb24gYmF0Y2hTZW5kKGFkZHJlc3NbXSB0bywgdWludDI1NltdIHZhbHVlcywgYnl0ZXMgZGF0YSkgcHVibGljIHdoZW5Ob3RTdXNwZW5kZWQgewoKICAgICAgICAvLyBNVVNUIFRocm93IG9uIGVycm9ycwoKICAgICAgICByZXF1aXJlKHRvLmxlbmd0aCA9PSB2YWx1ZXMubGVuZ3RoLCAidG8gYW5kIHZhbHVlcyBhcnJheSBsZW5naHQgbXVzdCBtYXRjaC4iKTsKCiAgICAgICAgZm9yICh1aW50MjU2IGkgPSAwOyBpIDwgdG8ubGVuZ3RoOyArK2kpIHsKICAgICAgICAgICAgcmVxdWlyZSh0b1tpXSAhPSBhZGRyZXNzKDB4MCksICJkZXN0aW5hdGlvbiBhZGRyZXNzIG11c3QgYmUgbm9uLXplcm8uIik7CgogICAgICAgICAgICBzZW5kKHRvW2ldLCB2YWx1ZXNbaV0sIGRhdGEpOwogICAgICAgIH0KICAgIH0KCgogICAgZnVuY3Rpb24gX2NoZWNrT25CQUMwMDFSZWNlaXZlZChhZGRyZXNzIGZyb20sIGFkZHJlc3MgdG8sIHVpbnQyNTYgdmFsdWUsIGJ5dGVzIGRhdGEpCiAgICBpbnRlcm5hbCByZXR1cm5zIChib29sKQogICAgewogICAgICAgIGlmICghdG8uaXNDb250cmFjdCgpKSB7CiAgICAgICAgICAgIHJldHVybiB0cnVlOwogICAgICAgIH0KCiAgICAgICAgYnl0ZXM0IHJldHZhbCA9IElCQUMwMDFSZWNlaXZlcih0bykub25CQUMwMDFSZWNlaXZlZChmcm9tLCB0bywgdmFsdWUsIGRhdGEpOwogICAgICAgIHJldHVybiAocmV0dmFsID09IF9CQUMwMDFfUkVDRUlWRUQpOwogICAgfQoKICAgIC8qKgogICAgICogQGRldiBJbmNyZWFzZSB0aGUgYW1vdW50IG9mIGFzc2V0cyB0aGF0IGFuIG93bmVyIGFsbG93ZWQgdG8gYSBzcGVuZGVyLgogICAgICovCiAgICBmdW5jdGlvbiBpbmNyZWFzZUFsbG93YW5jZShhZGRyZXNzIHNwZW5kZXIsIHVpbnQyNTYgYWRkZWRWYWx1ZSkgcHVibGljIHdoZW5Ob3RTdXNwZW5kZWQgcmV0dXJucyAoYm9vbCkgewogICAgICAgIF9hcHByb3ZlKG1zZy5zZW5kZXIsIHNwZW5kZXIsIF9hbGxvd2VkW21zZy5zZW5kZXJdW3NwZW5kZXJdLmFkZChhZGRlZFZhbHVlKSk7CiAgICAgICAgcmV0dXJuIHRydWU7CiAgICB9CgogICAgLyoqCiAgICAgKiBAZGV2IERlY3JlYXNlIHRoZSBhbW91bnQgb2YgYXNzZXRzIHRoYXQgYW4gb3duZXIgYWxsb3dlZCB0byBhIHNwZW5kZXIuCiAgICAgKiBhcHByb3ZlIHNob3VsZCBiZSBjYWxsZWQgd2hlbiBfYWxsb3dlZFttc2cuc2VuZGVyXVtzcGVuZGVyXSA9PSAwLiBUbyBkZWNyZW1lbnQKICAgICAqLwogICAgZnVuY3Rpb24gZGVjcmVhc2VBbGxvd2FuY2UoYWRkcmVzcyBzcGVuZGVyLCB1aW50MjU2IHN1YnRyYWN0ZWRWYWx1ZSkgcHVibGljIHdoZW5Ob3RTdXNwZW5kZWQgcmV0dXJucyAoYm9vbCkgewogICAgICAgIF9hcHByb3ZlKG1zZy5zZW5kZXIsIHNwZW5kZXIsIF9hbGxvd2VkW21zZy5zZW5kZXJdW3NwZW5kZXJdLnN1YihzdWJ0cmFjdGVkVmFsdWUpKTsKICAgICAgICByZXR1cm4gdHJ1ZTsKICAgIH0KCiAgICBmdW5jdGlvbiBkZXN0cm95KHVpbnQyNTYgdmFsdWUsIGJ5dGVzIGRhdGEpIHB1YmxpYyB7CiAgICAgICAgX2Rlc3Ryb3kobXNnLnNlbmRlciwgdmFsdWUsIGRhdGEpOwogICAgfQoKICAgIC8qKgogICAgICogQGRldiBCdXJucyBhIHNwZWNpZmljIGFtb3VudCBvZiBhc3NldHMgZnJvbSB0aGUgdGFyZ2V0IGFkZHJlc3MgYW5kIGRlY3JlbWVudHMgYWxsb3dhbmNlLgogICAgICovCiAgICBmdW5jdGlvbiBkZXN0cm95RnJvbShhZGRyZXNzIGZyb20sIHVpbnQyNTYgdmFsdWUsIGJ5dGVzIGRhdGEpIHB1YmxpYyB7CiAgICAgICAgX2Rlc3Ryb3lGcm9tKGZyb20sIHZhbHVlLCBkYXRhKTsKICAgIH0KCgogICAgZnVuY3Rpb24gZGVzY3JpcHRpb24oKSBwdWJsaWMgdmlldyByZXR1cm5zIChzdHJpbmcgbWVtb3J5KSB7CiAgICAgICAgcmV0dXJuIF9kZXNjcmlwdGlvbjsKICAgIH0KCiAgICAvKioKICAgICAqIEByZXR1cm4gdGhlIHNob3J0TmFtZSBvZiB0aGUgYXNzZXQuCiAgICAgKi8KICAgIGZ1bmN0aW9uIHNob3J0TmFtZSgpIHB1YmxpYyB2aWV3IHJldHVybnMgKHN0cmluZyBtZW1vcnkpIHsKICAgICAgICByZXR1cm4gX3Nob3J0TmFtZTsKICAgIH0KCiAgICAvKioKICAgICAqIEByZXR1cm4gdGhlIG51bWJlciBvZiBtaW5Vbml0IG9mIHRoZSBhc3NldC4KICAgICAqLwogICAgZnVuY3Rpb24gbWluVW5pdCgpIHB1YmxpYyB2aWV3IHJldHVybnMgKHVpbnQ4KSB7CiAgICAgICAgcmV0dXJuIF9taW5Vbml0OwogICAgfQoKCiAgICBmdW5jdGlvbiBpc3N1ZShhZGRyZXNzIHRvLCB1aW50MjU2IHZhbHVlLCBieXRlcyBkYXRhKSBwdWJsaWMgb25seUlzc3VlciByZXR1cm5zIChib29sKSB7CiAgICAgICAgX2lzc3VlKHRvLCB2YWx1ZSwgZGF0YSk7CiAgICAgICAgcmV0dXJuIHRydWU7CiAgICB9CiAgICAvKioKICAgICAqIEBkZXYgU2VuZCBhc3NldCBmb3IgYSBzcGVjaWZpZWQgYWRkcmVzc2VzLgogICAgICovCiAgICBmdW5jdGlvbiBfc2VuZChhZGRyZXNzIGZyb20sIGFkZHJlc3MgdG8sIHVpbnQyNTYgdmFsdWUsIGJ5dGVzIGRhdGEpIGludGVybmFsIHsKICAgICAgICByZXF1aXJlKHRvICE9IGFkZHJlc3MoMCksICJCQUMwMDE6IHNlbmQgdG8gdGhlIHplcm8gYWRkcmVzcyIpOwoKICAgICAgICBfYmFsYW5jZXNbZnJvbV0gPSBfYmFsYW5jZXNbZnJvbV0uc3ViKHZhbHVlKTsKICAgICAgICBfYmFsYW5jZXNbdG9dID0gX2JhbGFuY2VzW3RvXS5hZGQodmFsdWUpOwogICAgICAgIGVtaXQgU2VuZCggZnJvbSwgdG8sIHZhbHVlLCBkYXRhKTsKICAgIH0KCiAgICAvKioKICAgICAqIEBkZXYgSW50ZXJuYWwgZnVuY3Rpb24gdGhhdCBpc3N1ZXMgYW4gYW1vdW50IG9mIHRoZSBhc3NldCBhbmQgYXNzaWducyBpdCB0bwogICAgICovCiAgICBmdW5jdGlvbiBfaXNzdWUoYWRkcmVzcyBhY2NvdW50LCB1aW50MjU2IHZhbHVlLCBieXRlcyBkYXRhKSBpbnRlcm5hbCB7CiAgICAgICAgcmVxdWlyZShhY2NvdW50ICE9IGFkZHJlc3MoMCksICJCQUMwMDE6IGlzc3VlIHRvIHRoZSB6ZXJvIGFkZHJlc3MiKTsKCiAgICAgICAgX3RvdGFsQW1vdW50ID0gX3RvdGFsQW1vdW50LmFkZCh2YWx1ZSk7CiAgICAgICAgX2JhbGFuY2VzW2FjY291bnRdID0gX2JhbGFuY2VzW2FjY291bnRdLmFkZCh2YWx1ZSk7CiAgICAgICAgZW1pdCBTZW5kKCBhZGRyZXNzKDApLCBhY2NvdW50LCB2YWx1ZSwgZGF0YSk7CiAgICB9CgogICAgLyoqCiAgICAgKiBAZGV2IEludGVybmFsIGZ1bmN0aW9uIHRoYXQgZGVzdHJveXMgYW4gYW1vdW50IG9mIHRoZSBhc3NldCBvZiBhIGdpdmVuCiAgICAgKi8KICAgIGZ1bmN0aW9uIF9kZXN0cm95KGFkZHJlc3MgYWNjb3VudCwgdWludDI1NiB2YWx1ZSwgYnl0ZXMgZGF0YSkgaW50ZXJuYWwgewogICAgICAgIHJlcXVpcmUoYWNjb3VudCAhPSBhZGRyZXNzKDApLCAiQkFDMDAxOiBkZXN0cm95IGZyb20gdGhlIHplcm8gYWRkcmVzcyIpOwoKICAgICAgICBfdG90YWxBbW91bnQgPSBfdG90YWxBbW91bnQuc3ViKHZhbHVlKTsKICAgICAgICBfYmFsYW5jZXNbYWNjb3VudF0gPSBfYmFsYW5jZXNbYWNjb3VudF0uc3ViKHZhbHVlKTsKICAgICAgICBlbWl0IFNlbmQoIGFjY291bnQsIGFkZHJlc3MoMCksIHZhbHVlLCBkYXRhKTsKICAgIH0KCiAgICAvKioKICAgICAqIEBkZXYgQXBwcm92ZSBhbiBhZGRyZXNzIHRvIHNwZW5kIGFub3RoZXIgYWRkcmVzc2VzJyBhc3NldHMuCiAgICAgKi8KICAgIGZ1bmN0aW9uIF9hcHByb3ZlKGFkZHJlc3Mgb3duZXIsIGFkZHJlc3Mgc3BlbmRlciwgdWludDI1NiB2YWx1ZSkgaW50ZXJuYWwgewogICAgICAgIHJlcXVpcmUob3duZXIgIT0gYWRkcmVzcygwKSwgIkJBQzAwMTogYXBwcm92ZSBmcm9tIHRoZSB6ZXJvIGFkZHJlc3MiKTsKICAgICAgICByZXF1aXJlKHNwZW5kZXIgIT0gYWRkcmVzcygwKSwgIkJBQzAwMTogYXBwcm92ZSB0byB0aGUgemVybyBhZGRyZXNzIik7CgogICAgICAgIF9hbGxvd2VkW293bmVyXVtzcGVuZGVyXSA9IHZhbHVlOwogICAgICAgIGVtaXQgQXBwcm92YWwoIG93bmVyLCBzcGVuZGVyLCB2YWx1ZSk7CiAgICB9CgogICAgLyoqCiAgICAgKiBAZGV2IEludGVybmFsIGZ1bmN0aW9uIHRoYXQgZGVzdHJveXMgYW4gYW1vdW50IG9mIHRoZSBhc3NldCBvZiBhIGdpdmVuCiAgICAgKi8KICAgIGZ1bmN0aW9uIF9kZXN0cm95RnJvbShhZGRyZXNzIGFjY291bnQsIHVpbnQyNTYgdmFsdWUsIGJ5dGVzIGRhdGEpIGludGVybmFsIHsKICAgICAgICBfZGVzdHJveShhY2NvdW50LCB2YWx1ZSwgZGF0YSk7CiAgICAgICAgX2FwcHJvdmUoYWNjb3VudCwgbXNnLnNlbmRlciwgX2FsbG93ZWRbYWNjb3VudF1bbXNnLnNlbmRlcl0uc3ViKHZhbHVlKSk7CiAgICB9Cn0KCg==',
 'IyDnp6/liIblkIjnuqYKCiMjIOeugOS7iwogQkFDMDAxIOaYr+S4gOWll+WMuuWdl+mTvuenr+WIhuWQiOe6pu+8jOWFt+acieenr+WIhuebuOWFs+eahOWinuWPke+8jOmUgOavge+8jOaaguWBnOWQiOe6pu+8jOm7keeZveWQjeWNleetieadg+mZkOaOp+WItuetieWKn+iDveOAggoKIyMg5Zub5Liq5Z+65pys5YWD57SgCgotIGRlc2NyaXB0aW9uIAoKICDmraTnp6/liIbnmoTlhbfkvZPmj4/ov7AKCi0gc2hvcnROYW1lIAoKICDnp6/liIbnroDnp7AKCi0gbWluVW5pdCAKCiAg56ev5YiG5pyA5bCP5Y2V5L2NCgotIHRvdGFsQW1vdW50IAoKICDnp6/liIbmgLvmlbDph48KCiMjIOS6lOS4quWfuuacrOihjOS4ujogCgotIOWPkeihjAoKICDosIPnlKjlkIjnuqbnmoQgZGVwbG95IOaWueazle+8jOS8oOWFpeS9oOWIneWni+WMlueahOWbm+S4quWFg+e0oOWNs+WPr++8jOWNs+WcqOWMuuWdl+mTvuS4iuWPkeihjOS6huS9oOaMh+WumuaAu+mHj+WSjOWQjeensOeahOenr+WIhuOAggoKICAtIOWFtuS4rSBtaW5Vbml0IOWSjCB0b3RhbEFtb3VudCDkuI3og73kuLrotJ/mlbDmiJblsI/mlbAKCi0g6L2s6LSmCgogIOiwg+eUqCBzZW5kIOaWueazleWNs+WPr+WunueOsOi9rOi0pu+8jOS5i+WQjuiwg+eUqCBiYWxhbmNlIOaWueazleWPr+S7peafpeeci+iHquW3seeahOenr+WIhuS9meminQoKLSDlop7lj5EKCiAg6LCD55SoIGlzc3VlIOaWueazleeJueWumuWcsOWdgOWinuWPkeenr+WIhu+8jCDlubblj6/ku6XpgJrov4cgYWRkSXNzdWVyIOWinuWKoOacieadg+mZkOWinuWPkeenr+WIhueahOS6uu+8jOS5n+WPr+S7pemAmui/h3Jlbm91bmNlSXNzdWVyIOaWueazleenu+mZpOWinuWPkeadg+mZkAoKLSDplIDmr4EKCiAg6LCD55SoIGRlc3Rvcnkg5Lul5Y+KIGRlc3RvcnlGcm9tIOmUgOavgeiHquW3seWcsOWdgOS4i+enr+WIhuWSjOeJueWumuWcsOWdgOS4i+eahOenr+WIhgoKLSDmmoLlgZwKCiAg6YGH5Yiw57Sn5oCl54q25Ya177yM5L2g5Y+v5Lul6LCD55SoIHN1c3BlbmQg5pa55rOV77yM5pqC5YGc5ZCI57qm77yM6L+Z5qC35Lu75L2V5Lq66YO95LiN6IO96LCD55SoIHNlbmQg5Ye95pWw44CC5pWF6Zqc5L+u5aSN5ZCO77yM5Y+v5Lul6LCD55SoIHVuU3VzcGVuZCDmlrnms5Xop6PpmaTmmoLlgZzjgILkuZ/lj6/ku6XpgJrov4cgYWRkU3VzcGVuZGVyIOWSjCByZW5vdW5jZVN1c3BlbmRlciDnm7jlupTlop7liqDlkoznp7vpmaTmmoLlgZzogIXmnYPpmZAKCgojIyDmjqXlj6Por7TmmI4KCi0gPGI+dG90YWxBbW91bnQoKTwvYj4KCiAg6L+U5Zue56ev5YiG5oC76YePCgogIC0g6L+Z6YeM55qE56ev5YiG5oC76YeP6ZyA6KaB6K6h566X5pyA5bCP6L2s6LSm5Y2V5L2N77yM5omA5Lul5a6e6ZmF6L+U5Zue5YC85Li6ICAgdG90YWxBbW91bnQgKiAxMDxzdXA+bWluVW5pdDwvc3VwPiAKCi0gPGI+YmFsYW5jZShhZGRyZXNzIG93bmVyKTwvYj4KCiAg6L+U5Zueb3duZXLnmoTluJDmiLfnmoTnp6/liIbkvZnpop0KCi0gPGI+c2VuZChhZGRyZXNzIHRvLCB1aW50MjU2IHZhbHVlICwgc3RyaW5nIGRhdGEpPC9iPgoKICDlsIbmlbDph4/kuLp2YWx1ZeeahOenr+WIhui9rOWFpeWcsOWdgCB0byDlubbop6blj5EgdHJhbnNmZXIg5LqL5Lu2LCBkYXRhIOaYr+i9rOi0puWkh+azqAoKICAtIHN1c3BlbmQg54q25oCB5LiL5peg5rOV6L+b6KGM5q2k5pON5L2cCiAgLSDor7fpgb/lhY0gdG8g5Li66Ieq6Lqr6L+b6KGM5pON5L2cCgotIDxiPnNlbmRGcm9tKGFkZHJlc3MgZnJvbSxhZGRyZXNzIHRvLHVpbnQyNTYgdmFsdWXvvIxzdHJpbmcgIGRhdGEpKTwvYj4KCiAg5bCG5Zyw5Z2AIGZyb20g5Lit55qEIHZhbHVlIOaVsOmHj+eahOenr+WIhui9rOWFpeWcsOWdgCB0byDvvIzlubbop6blj5EgdHJhbnNmZXIg5LqL5Lu277yMZGF0YSDmmK/ovazotKblpIfms6jjgIIKCiAgLSDmlrnms5XnmoTosIPnlKjogIXlj6/ku6XkuI3kuLogZnJvbe+8jCDmraTml7bpnIDopoHpooTlhYjov5vooYwgYXBwcm92ZSDmjojmnYMKCiAgLSBmcm9tIOS4jeiDveS4uuiwg+eUqOiAheiHqui6q+WcsOWdgO+8jOWQpuWImeS8muaKpemUmQogIC0gc3VzcGVuZCDnirbmgIHkuIvml6Dms5XmiafooYzmraTmk43kvZwKCi0gPGI+c2FmZVNlbmRGcm9tKGFkZHJlc3MgZnJvbSwgYWRkcmVzcyB0bywgdWludDI1NiB2YWx1ZSwgIHN0cmluZyBkYXRhKTwvYj4KCiAg5a6J5YWo55qE5bCG5Zyw5Z2AIGZyb20g5Lit55qEIHZhbHVlIOaVsOmHj+eahOenr+WIhui9rOWFpeWcsOWdgCB0byAoIHRv5aaC5p6c5piv5ZCI57qm5Zyw5Z2A77yM5b+F6aG75a6e546w5o6l5pS25o6l5Y+jIEJBQzAwMUhvbGRlciDmiY3lj6/ku6XmjqXmlLbovazotKYpIO+8jOW5tuinpuWPkSB0cmFuc2ZlciDkuovku7bvvIxkYXRhIOaYr+i9rOi0puWkh+azqAoKICAtIHN1c3BlbmQg54q25oCB5LiL5peg5rOV5omn6KGM5q2k5pON5L2cCgotIDxiPnNhZmVCYXRjaFNlbmQoIGFkZHJlc3NbXSB0bywgdWludDI1NltdICB2YWx1ZXMsIHN0cmluZyAgZGF0YSk8L2I+CgogIOaJuemHj+WwhuiHquW3sei0puaIt+S4i+eahOenr+WIhui9rOe7mSB0byDmlbDnu4TnmoTlnLDlnYDvvIwgdG8g5ZKMIHZhbHVlcyDnmoTkuKrmlbDopoHkuIDoh7QKCiAgLSBzdXNwZW5kIOeKtuaAgeS4i+aXoOazleaJp+ihjOatpOaTjeS9nAoKLSA8Yj5hcHByb3ZlKGFkZHJlc3Mgc3BlbmRlcix1aW50MjU2IHZhbHVlKTwvYj4KCiAg5YWB6K64IHNwZW5kZXIg5LuO6Ieq5bex6LSm5oi35o+Q5Y+W6ZmQ6aKdIHZhbHVlIOeahOenr+WIhgoKICAtIOatpOaWueazlemFjeWQiCBzZW5kZnJvbSAvIHNhZmVzZW5kZnJvbSDkuIDotbfkvb/nlKgKICAtIOmHjeWkjeaOiOadg+aXtu+8jOacgOe7iOaOiOadg+mineW6puS4uuacgOWQjuS4gOasoeaOiOadg+eahOWAvAoKLSA8Yj5hbGxvd2FuY2UoYWRkcmVzcyBvd25lcixhZGRyZXNzIHNwZW5kZXIpPC9iPgoKICDov5Tlm54gc3BlbmRlciDlj6/ku44gb3duZXIg5o+Q5Y+W55qE56ev5YiG5pWw6YeP5LiK6ZmQCgogIC0g5q2k5pa55rOV6YWN5ZCIIGFwcHJvdmUg5LiA6LW35L2/55SoCgotIDxiPmluY3JlYXNlQWxsb3dhbmNlKGFkZHJlc3Mgc3BlbmRlciwgdWludDI1NiBhZGRlZFZhbHVlKTwvYj4KCiAg5YWB6K64IHNwZW5kZXIg5o+Q5Y+W55qE56ev5YiG5LiK6ZmQ5Zyo5Y6f5pyJ5Z+656GA5LiK5aKe5YqgIGFkZGVkVmFsdWUKCiAgLSDmraTmlrnms5XphY3lkIggYXBwcm92ZSDkvb/nlKgKCi0gPGI+ZGVjcmVhc2VBbGxvd2FuY2UoYWRkcmVzcyBzcGVuZGVyLCB1aW50MjU2IHN1YnRyYWN0ZWRWYWx1ZSk8L2I+CgogIOWFgeiuuCBzcGVuZGVyICDmj5Dlj5bnmoTnp6/liIbkuIrpmZDlnKjljp/mnInln7rnoYDkuIrlh4/lsJEgc3VidHJhY3RlZFZhbHVlCgogIC0g5q2k5pa55rOV6YWN5ZCIIGFwcHJvdmUg5L2/55SoCgotIDxiPm1pblVuaXQoKTwvYj4KCiAg56ev5YiG5pyA5bCP5Y2V5L2NCgotIDxiPnNob3J0TmFtZSgpPC9iPgoKICDnp6/liIbnroDnp7AKCi0gPGI+ZGVzY3JpcHRpb24oKTwvYj4KCiAg56ev5YiG5o+P6L+wCgotIDxiPmRlc3RvcnkodWludDI1NiB2YWx1Ze+8jCBzdHJpbmcgIGRhdGEpPC9iPgoKICDlh4/lsJHoh6rlt7HnmoTnp6/liIbvvIxkYXRhIOaYr+i9rOi0puWkh+azqAoKICAtIOiwg+eUqOaXtu+8jHZhbHVlIOWAvOmcgOimgeWwj+S6juetieS6juebruWJjeiHquW3seeahOenr+WIhuaAu+mHjwoKLSA8Yj5kZXN0cm95RnJvbShhZGRyZXNzIGZyb20sIHVpbnQyNTYgdmFsdWXvvIwgc3RyaW5nICBkYXRhKTwvYj4KCiAg5YeP5bCR5Zyw5Z2AIGZyb20g56ev5YiG77yMZGF0YSDmmK/ovazotKblpIfms6gKCiAgLSDosIPnlKjmraTmlrnms5Xml7bvvIzpnIDopoHphY3lkIggYXBwcm92ZSDov5vooYzkvb/nlKgKCi0gPGI+aXNzdWUoYWRkcmVzcyB0bywgdWludDI1NiB2YWx1Ze+8jHN0cmluZyAgZGF0YSk8L2I+CgogIOe7meWcsOWdgCB0byDlop7liqDmlbDph4/kuLogdmFsdWUg55qE56ev5YiG77yMZGF0YSDmmK/ovazotKblpIfms6gKCi0gPGI+aXNJc3N1ZXIoYWRkcmVzcyBhY2NvdW50KTwvYj4KCiAg5qOA5p+lIGFjY291bnQg5piv5ZCm5pyJ5aKe5Yqg56ev5YiG55qE5p2D6ZmQCgotIDxiPmFkZElzc3VlcihhZGRyZXNzIGFjY291bnQpPC9iPgoKICDkvb/lnLDlnYAgYWNjb3VudCDmi6XmnInlop7liqDnp6/liIbnmoTmnYPpmZAKCi0gPGI+cmVub3VuY2VJc3N1ZXIoKTwvYj4KCiAg56e76Zmk5aKe5Yqg56ev5YiG55qE5p2D6ZmQCgotIDxiPnN1c3BlbmQoKTwvYj4KCiAg5pqC5YGc5ZCI57qmCgogIC0gc3VzcGVuZCDlkI7ml6Dms5Xov5vooYwgc2VuZCAvIHNhZmVzZW5kZnJvbSAvIHNlbmRmcm9tIC8gc2FmZUJhdGNoU2VuZCAvIGFwcHJvdmVzIOaTjeS9nAoKLSA8Yj51blN1c3BlbmQoKTwvYj4KCiAg6YeN5ZCv5ZCI57qmCiAgCi0gPGI+c3VzcGVuZGVkPC9iPgoKICDliKTmlq3lkIjnuqbmmK/lkKblpITkuo7mmoLlgZznirbmgIEKCi0gPGI+aXNTdXNwZW5kZXIoYWRkcmVzcyBhY2NvdW50KTwvYj4KCiAg5piv5ZCm5pyJ5pqC5YGc5ZCI57qm5p2D6ZmQCgogIC0g6YWN5ZCIIHN1c3BlbmQg5pa55rOV5LiA6LW35L2/55SoCgotIDxiPmFkZFN1c3BlbmRlcihhZGRyZXNzIGFjY291bnQpPC9iPgoKICDlop7liqDmmoLlgZzmnYPpmZDogIUKCiAgLSDphY3lkIggc3VzcGVuZCDmlrnms5XkuIDotbfkvb/nlKgKCi0gPGI+cmVub3VuY2VTdXNwZW5kZXIoKTwvYj4KCiAg56e76Zmk5pqC5YGc5p2D6ZmQCgogIC0g6YWN5ZCIIHN1c3BlbmQgLyBhZGRTdXNwZW5kZXIg5pa55rOV5L2/55SoCgoK',  '', now(), now());
INSERT INTO `tb_contract_item` (`id`, `warehouse_id`, `contract_folder_id`, `contract_name`, `contract_source`, `description`, `description_en`, `create_time`, `modify_time`) VALUES
(9, 3, 3, 'IBAC001', 'cHJhZ21hIHNvbGlkaXR5IF4wLjQuMjQ7CgoKaW50ZXJmYWNlIElCQUMwMDEgewoKICAgIGZ1bmN0aW9uIHRvdGFsQW1vdW50KCkgcHVibGljIHZpZXcgcmV0dXJucyAodWludDI1Nik7CgogICAgZnVuY3Rpb24gYmFsYW5jZShhZGRyZXNzIG93bmVyKSBwdWJsaWMgdmlldyByZXR1cm5zICh1aW50MjU2KTsKCiAgICBmdW5jdGlvbiBzZW5kKGFkZHJlc3MgdG8sIHVpbnQyNTYgdmFsdWUsIGJ5dGVzIGRhdGEpIHB1YmxpYyA7CgogICAgZnVuY3Rpb24gc2VuZEZyb20oYWRkcmVzcyBmcm9tLCBhZGRyZXNzIHRvLCB1aW50MjU2IHZhbHVlLCBieXRlcyBkYXRhKSBwdWJsaWM7CgogICAgZnVuY3Rpb24gYWxsb3dhbmNlKGFkZHJlc3Mgb3duZXIsIGFkZHJlc3Mgc3BlbmRlcikgcHVibGljIHZpZXcgcmV0dXJucyAodWludDI1Nik7CgogICAgZnVuY3Rpb24gYXBwcm92ZShhZGRyZXNzIHNwZW5kZXIsIHVpbnQyNTYgYW1vdW50KSBwdWJsaWMgcmV0dXJucyAoYm9vbCk7CgogICAgZnVuY3Rpb24gZGVzdHJveSh1aW50MjU2IHZhbHVlLCBieXRlcyBkYXRhKSBwdWJsaWM7CgogICAgZnVuY3Rpb24gZGVzdHJveUZyb20oYWRkcmVzcyBmcm9tLCB1aW50MjU2IHZhbHVlLCBieXRlcyBkYXRhKSBwdWJsaWM7CgogICAgZnVuY3Rpb24gaXNzdWUoYWRkcmVzcyB0bywgdWludDI1NiB2YWx1ZSwgYnl0ZXMgZGF0YSkgcHVibGljICByZXR1cm5zIChib29sKTsKCiAgICBmdW5jdGlvbiBiYXRjaFNlbmQoYWRkcmVzc1tdIHRvLCB1aW50MjU2W10gdmFsdWVzLCBieXRlcyBkYXRhKSBwdWJsaWM7CgogICAgZnVuY3Rpb24gaW5jcmVhc2VBbGxvd2FuY2UoYWRkcmVzcyBzcGVuZGVyLCB1aW50MjU2IGFkZGVkVmFsdWUpIHB1YmxpYyAgcmV0dXJucyAoYm9vbCk7CgogICAgZnVuY3Rpb24gZGVjcmVhc2VBbGxvd2FuY2UoYWRkcmVzcyBzcGVuZGVyLCB1aW50MjU2IHN1YnRyYWN0ZWRWYWx1ZSkgcHVibGljICByZXR1cm5zIChib29sKTsKCiAgICBldmVudCBTZW5kKGFkZHJlc3MgaW5kZXhlZCBmcm9tLCBhZGRyZXNzIGluZGV4ZWQgdG8sIHVpbnQyNTYgdmFsdWUsIGJ5dGVzIGRhdGEpOwoKICAgIGV2ZW50IEFwcHJvdmFsKGFkZHJlc3MgaW5kZXhlZCBvd25lciwgYWRkcmVzcyBpbmRleGVkIHNwZW5kZXIsIHVpbnQyNTYgdmFsdWUpOwoKfQ==',
 'IyDnp6/liIblkIjnuqYKCiMjIOeugOS7iwogQkFDMDAxIOaYr+S4gOWll+WMuuWdl+mTvuenr+WIhuWQiOe6pu+8jOWFt+acieenr+WIhuebuOWFs+eahOWinuWPke+8jOmUgOavge+8jOaaguWBnOWQiOe6pu+8jOm7keeZveWQjeWNleetieadg+mZkOaOp+WItuetieWKn+iDveOAggoKIyMg5Zub5Liq5Z+65pys5YWD57SgCgotIGRlc2NyaXB0aW9uIAoKICDmraTnp6/liIbnmoTlhbfkvZPmj4/ov7AKCi0gc2hvcnROYW1lIAoKICDnp6/liIbnroDnp7AKCi0gbWluVW5pdCAKCiAg56ev5YiG5pyA5bCP5Y2V5L2NCgotIHRvdGFsQW1vdW50IAoKICDnp6/liIbmgLvmlbDph48KCiMjIOS6lOS4quWfuuacrOihjOS4ujogCgotIOWPkeihjAoKICDosIPnlKjlkIjnuqbnmoQgZGVwbG95IOaWueazle+8jOS8oOWFpeS9oOWIneWni+WMlueahOWbm+S4quWFg+e0oOWNs+WPr++8jOWNs+WcqOWMuuWdl+mTvuS4iuWPkeihjOS6huS9oOaMh+WumuaAu+mHj+WSjOWQjeensOeahOenr+WIhuOAggoKICAtIOWFtuS4rSBtaW5Vbml0IOWSjCB0b3RhbEFtb3VudCDkuI3og73kuLrotJ/mlbDmiJblsI/mlbAKCi0g6L2s6LSmCgogIOiwg+eUqCBzZW5kIOaWueazleWNs+WPr+WunueOsOi9rOi0pu+8jOS5i+WQjuiwg+eUqCBiYWxhbmNlIOaWueazleWPr+S7peafpeeci+iHquW3seeahOenr+WIhuS9meminQoKLSDlop7lj5EKCiAg6LCD55SoIGlzc3VlIOaWueazleeJueWumuWcsOWdgOWinuWPkeenr+WIhu+8jCDlubblj6/ku6XpgJrov4cgYWRkSXNzdWVyIOWinuWKoOacieadg+mZkOWinuWPkeenr+WIhueahOS6uu+8jOS5n+WPr+S7pemAmui/h3Jlbm91bmNlSXNzdWVyIOaWueazleenu+mZpOWinuWPkeadg+mZkAoKLSDplIDmr4EKCiAg6LCD55SoIGRlc3Rvcnkg5Lul5Y+KIGRlc3RvcnlGcm9tIOmUgOavgeiHquW3seWcsOWdgOS4i+enr+WIhuWSjOeJueWumuWcsOWdgOS4i+eahOenr+WIhgoKLSDmmoLlgZwKCiAg6YGH5Yiw57Sn5oCl54q25Ya177yM5L2g5Y+v5Lul6LCD55SoIHN1c3BlbmQg5pa55rOV77yM5pqC5YGc5ZCI57qm77yM6L+Z5qC35Lu75L2V5Lq66YO95LiN6IO96LCD55SoIHNlbmQg5Ye95pWw44CC5pWF6Zqc5L+u5aSN5ZCO77yM5Y+v5Lul6LCD55SoIHVuU3VzcGVuZCDmlrnms5Xop6PpmaTmmoLlgZzjgILkuZ/lj6/ku6XpgJrov4cgYWRkU3VzcGVuZGVyIOWSjCByZW5vdW5jZVN1c3BlbmRlciDnm7jlupTlop7liqDlkoznp7vpmaTmmoLlgZzogIXmnYPpmZAKCgojIyDmjqXlj6Por7TmmI4KCi0gPGI+dG90YWxBbW91bnQoKTwvYj4KCiAg6L+U5Zue56ev5YiG5oC76YePCgogIC0g6L+Z6YeM55qE56ev5YiG5oC76YeP6ZyA6KaB6K6h566X5pyA5bCP6L2s6LSm5Y2V5L2N77yM5omA5Lul5a6e6ZmF6L+U5Zue5YC85Li6ICAgdG90YWxBbW91bnQgKiAxMDxzdXA+bWluVW5pdDwvc3VwPiAKCi0gPGI+YmFsYW5jZShhZGRyZXNzIG93bmVyKTwvYj4KCiAg6L+U5Zueb3duZXLnmoTluJDmiLfnmoTnp6/liIbkvZnpop0KCi0gPGI+c2VuZChhZGRyZXNzIHRvLCB1aW50MjU2IHZhbHVlICwgc3RyaW5nIGRhdGEpPC9iPgoKICDlsIbmlbDph4/kuLp2YWx1ZeeahOenr+WIhui9rOWFpeWcsOWdgCB0byDlubbop6blj5EgdHJhbnNmZXIg5LqL5Lu2LCBkYXRhIOaYr+i9rOi0puWkh+azqAoKICAtIHN1c3BlbmQg54q25oCB5LiL5peg5rOV6L+b6KGM5q2k5pON5L2cCiAgLSDor7fpgb/lhY0gdG8g5Li66Ieq6Lqr6L+b6KGM5pON5L2cCgotIDxiPnNlbmRGcm9tKGFkZHJlc3MgZnJvbSxhZGRyZXNzIHRvLHVpbnQyNTYgdmFsdWXvvIxzdHJpbmcgIGRhdGEpKTwvYj4KCiAg5bCG5Zyw5Z2AIGZyb20g5Lit55qEIHZhbHVlIOaVsOmHj+eahOenr+WIhui9rOWFpeWcsOWdgCB0byDvvIzlubbop6blj5EgdHJhbnNmZXIg5LqL5Lu277yMZGF0YSDmmK/ovazotKblpIfms6jjgIIKCiAgLSDmlrnms5XnmoTosIPnlKjogIXlj6/ku6XkuI3kuLogZnJvbe+8jCDmraTml7bpnIDopoHpooTlhYjov5vooYwgYXBwcm92ZSDmjojmnYMKCiAgLSBmcm9tIOS4jeiDveS4uuiwg+eUqOiAheiHqui6q+WcsOWdgO+8jOWQpuWImeS8muaKpemUmQogIC0gc3VzcGVuZCDnirbmgIHkuIvml6Dms5XmiafooYzmraTmk43kvZwKCi0gPGI+c2FmZVNlbmRGcm9tKGFkZHJlc3MgZnJvbSwgYWRkcmVzcyB0bywgdWludDI1NiB2YWx1ZSwgIHN0cmluZyBkYXRhKTwvYj4KCiAg5a6J5YWo55qE5bCG5Zyw5Z2AIGZyb20g5Lit55qEIHZhbHVlIOaVsOmHj+eahOenr+WIhui9rOWFpeWcsOWdgCB0byAoIHRv5aaC5p6c5piv5ZCI57qm5Zyw5Z2A77yM5b+F6aG75a6e546w5o6l5pS25o6l5Y+jIEJBQzAwMUhvbGRlciDmiY3lj6/ku6XmjqXmlLbovazotKYpIO+8jOW5tuinpuWPkSB0cmFuc2ZlciDkuovku7bvvIxkYXRhIOaYr+i9rOi0puWkh+azqAoKICAtIHN1c3BlbmQg54q25oCB5LiL5peg5rOV5omn6KGM5q2k5pON5L2cCgotIDxiPnNhZmVCYXRjaFNlbmQoIGFkZHJlc3NbXSB0bywgdWludDI1NltdICB2YWx1ZXMsIHN0cmluZyAgZGF0YSk8L2I+CgogIOaJuemHj+WwhuiHquW3sei0puaIt+S4i+eahOenr+WIhui9rOe7mSB0byDmlbDnu4TnmoTlnLDlnYDvvIwgdG8g5ZKMIHZhbHVlcyDnmoTkuKrmlbDopoHkuIDoh7QKCiAgLSBzdXNwZW5kIOeKtuaAgeS4i+aXoOazleaJp+ihjOatpOaTjeS9nAoKLSA8Yj5hcHByb3ZlKGFkZHJlc3Mgc3BlbmRlcix1aW50MjU2IHZhbHVlKTwvYj4KCiAg5YWB6K64IHNwZW5kZXIg5LuO6Ieq5bex6LSm5oi35o+Q5Y+W6ZmQ6aKdIHZhbHVlIOeahOenr+WIhgoKICAtIOatpOaWueazlemFjeWQiCBzZW5kZnJvbSAvIHNhZmVzZW5kZnJvbSDkuIDotbfkvb/nlKgKICAtIOmHjeWkjeaOiOadg+aXtu+8jOacgOe7iOaOiOadg+mineW6puS4uuacgOWQjuS4gOasoeaOiOadg+eahOWAvAoKLSA8Yj5hbGxvd2FuY2UoYWRkcmVzcyBvd25lcixhZGRyZXNzIHNwZW5kZXIpPC9iPgoKICDov5Tlm54gc3BlbmRlciDlj6/ku44gb3duZXIg5o+Q5Y+W55qE56ev5YiG5pWw6YeP5LiK6ZmQCgogIC0g5q2k5pa55rOV6YWN5ZCIIGFwcHJvdmUg5LiA6LW35L2/55SoCgotIDxiPmluY3JlYXNlQWxsb3dhbmNlKGFkZHJlc3Mgc3BlbmRlciwgdWludDI1NiBhZGRlZFZhbHVlKTwvYj4KCiAg5YWB6K64IHNwZW5kZXIg5o+Q5Y+W55qE56ev5YiG5LiK6ZmQ5Zyo5Y6f5pyJ5Z+656GA5LiK5aKe5YqgIGFkZGVkVmFsdWUKCiAgLSDmraTmlrnms5XphY3lkIggYXBwcm92ZSDkvb/nlKgKCi0gPGI+ZGVjcmVhc2VBbGxvd2FuY2UoYWRkcmVzcyBzcGVuZGVyLCB1aW50MjU2IHN1YnRyYWN0ZWRWYWx1ZSk8L2I+CgogIOWFgeiuuCBzcGVuZGVyICDmj5Dlj5bnmoTnp6/liIbkuIrpmZDlnKjljp/mnInln7rnoYDkuIrlh4/lsJEgc3VidHJhY3RlZFZhbHVlCgogIC0g5q2k5pa55rOV6YWN5ZCIIGFwcHJvdmUg5L2/55SoCgotIDxiPm1pblVuaXQoKTwvYj4KCiAg56ev5YiG5pyA5bCP5Y2V5L2NCgotIDxiPnNob3J0TmFtZSgpPC9iPgoKICDnp6/liIbnroDnp7AKCi0gPGI+ZGVzY3JpcHRpb24oKTwvYj4KCiAg56ev5YiG5o+P6L+wCgotIDxiPmRlc3RvcnkodWludDI1NiB2YWx1Ze+8jCBzdHJpbmcgIGRhdGEpPC9iPgoKICDlh4/lsJHoh6rlt7HnmoTnp6/liIbvvIxkYXRhIOaYr+i9rOi0puWkh+azqAoKICAtIOiwg+eUqOaXtu+8jHZhbHVlIOWAvOmcgOimgeWwj+S6juetieS6juebruWJjeiHquW3seeahOenr+WIhuaAu+mHjwoKLSA8Yj5kZXN0cm95RnJvbShhZGRyZXNzIGZyb20sIHVpbnQyNTYgdmFsdWXvvIwgc3RyaW5nICBkYXRhKTwvYj4KCiAg5YeP5bCR5Zyw5Z2AIGZyb20g56ev5YiG77yMZGF0YSDmmK/ovazotKblpIfms6gKCiAgLSDosIPnlKjmraTmlrnms5Xml7bvvIzpnIDopoHphY3lkIggYXBwcm92ZSDov5vooYzkvb/nlKgKCi0gPGI+aXNzdWUoYWRkcmVzcyB0bywgdWludDI1NiB2YWx1Ze+8jHN0cmluZyAgZGF0YSk8L2I+CgogIOe7meWcsOWdgCB0byDlop7liqDmlbDph4/kuLogdmFsdWUg55qE56ev5YiG77yMZGF0YSDmmK/ovazotKblpIfms6gKCi0gPGI+aXNJc3N1ZXIoYWRkcmVzcyBhY2NvdW50KTwvYj4KCiAg5qOA5p+lIGFjY291bnQg5piv5ZCm5pyJ5aKe5Yqg56ev5YiG55qE5p2D6ZmQCgotIDxiPmFkZElzc3VlcihhZGRyZXNzIGFjY291bnQpPC9iPgoKICDkvb/lnLDlnYAgYWNjb3VudCDmi6XmnInlop7liqDnp6/liIbnmoTmnYPpmZAKCi0gPGI+cmVub3VuY2VJc3N1ZXIoKTwvYj4KCiAg56e76Zmk5aKe5Yqg56ev5YiG55qE5p2D6ZmQCgotIDxiPnN1c3BlbmQoKTwvYj4KCiAg5pqC5YGc5ZCI57qmCgogIC0gc3VzcGVuZCDlkI7ml6Dms5Xov5vooYwgc2VuZCAvIHNhZmVzZW5kZnJvbSAvIHNlbmRmcm9tIC8gc2FmZUJhdGNoU2VuZCAvIGFwcHJvdmVzIOaTjeS9nAoKLSA8Yj51blN1c3BlbmQoKTwvYj4KCiAg6YeN5ZCv5ZCI57qmCiAgCi0gPGI+c3VzcGVuZGVkPC9iPgoKICDliKTmlq3lkIjnuqbmmK/lkKblpITkuo7mmoLlgZznirbmgIEKCi0gPGI+aXNTdXNwZW5kZXIoYWRkcmVzcyBhY2NvdW50KTwvYj4KCiAg5piv5ZCm5pyJ5pqC5YGc5ZCI57qm5p2D6ZmQCgogIC0g6YWN5ZCIIHN1c3BlbmQg5pa55rOV5LiA6LW35L2/55SoCgotIDxiPmFkZFN1c3BlbmRlcihhZGRyZXNzIGFjY291bnQpPC9iPgoKICDlop7liqDmmoLlgZzmnYPpmZDogIUKCiAgLSDphY3lkIggc3VzcGVuZCDmlrnms5XkuIDotbfkvb/nlKgKCi0gPGI+cmVub3VuY2VTdXNwZW5kZXIoKTwvYj4KCiAg56e76Zmk5pqC5YGc5p2D6ZmQCgogIC0g6YWN5ZCIIHN1c3BlbmQgLyBhZGRTdXNwZW5kZXIg5pa55rOV5L2/55SoCgoK', '', now(), now());
INSERT INTO `tb_contract_item` (`id`, `warehouse_id`, `contract_folder_id`, `contract_name`, `contract_source`, `description`, `description_en`, `create_time`, `modify_time`) VALUES
(10, 3, 3, 'Roles', 'cHJhZ21hIHNvbGlkaXR5IF4wLjQuMjQ7CgpsaWJyYXJ5IFJvbGVzIHsKICAgIHN0cnVjdCBSb2xlIHsKICAgICAgICBtYXBwaW5nIChhZGRyZXNzID0+IGJvb2wpIGJlYXJlcjsKICAgIH0KCiAgICBmdW5jdGlvbiBhZGQoUm9sZSBzdG9yYWdlIHJvbGUsIGFkZHJlc3MgYWNjb3VudCkgaW50ZXJuYWwgewogICAgICAgIHJlcXVpcmUoIWhhcyhyb2xlLCBhY2NvdW50KSwgIlJvbGVzOiBhY2NvdW50IGFscmVhZHkgaGFzIHJvbGUiKTsKICAgICAgICByb2xlLmJlYXJlclthY2NvdW50XSA9IHRydWU7CiAgICB9CgogICAgZnVuY3Rpb24gcmVtb3ZlKFJvbGUgc3RvcmFnZSByb2xlLCBhZGRyZXNzIGFjY291bnQpIGludGVybmFsIHsKICAgICAgICByZXF1aXJlKGhhcyhyb2xlLCBhY2NvdW50KSwgIlJvbGVzOiBhY2NvdW50IGRvZXMgbm90IGhhdmUgcm9sZSIpOwogICAgICAgIHJvbGUuYmVhcmVyW2FjY291bnRdID0gZmFsc2U7CiAgICB9CgogICAgZnVuY3Rpb24gaGFzKFJvbGUgc3RvcmFnZSByb2xlLCBhZGRyZXNzIGFjY291bnQpIGludGVybmFsIHZpZXcgcmV0dXJucyAoYm9vbCkgewogICAgICAgIHJlcXVpcmUoYWNjb3VudCAhPSBhZGRyZXNzKDApLCAiUm9sZXM6IGFjY291bnQgaXMgdGhlIHplcm8gYWRkcmVzcyIpOwogICAgICAgIHJldHVybiByb2xlLmJlYXJlclthY2NvdW50XTsKICAgIH0KfQo=',
 'IyBSb2xlcwoKUm9sZSBwZXJtaXNzaW9ucyBjb250cm9sIGNvbnRyYWN0cwo=',  'IyBSb2xlcwoKUm9sZSBwZXJtaXNzaW9ucyBjb250cm9sIGNvbnRyYWN0cwo=', now(), now());
INSERT INTO `tb_contract_item` (`id`, `warehouse_id`, `contract_folder_id`, `contract_name`, `contract_source`, `description`, `description_en`, `create_time`, `modify_time`) VALUES
(11, 3, 3, 'SafeMath', 'cHJhZ21hIHNvbGlkaXR5IF4wLjQuMjQ7CgoKbGlicmFyeSBTYWZlTWF0aCB7CiAgICBmdW5jdGlvbiBtdWwodWludDI1NiBhLCB1aW50MjU2IGIpIGludGVybmFsIHB1cmUgcmV0dXJucyAodWludDI1NikgewogICAgICAgIC8vIEdhcyBvcHRpbWl6YXRpb246IHRoaXMgaXMgY2hlYXBlciB0aGFuIHJlcXVpcmluZyAnYScgbm90IGJlaW5nIHplcm8sIGJ1dCB0aGUKICAgICAgICAvLyBiZW5lZml0IGlzIGxvc3QgaWYgJ2InIGlzIGFsc28gdGVzdGVkLgogICAgICAgIC8vIFNlZTogaHR0cHM6Ly9naXRodWIuY29tL09wZW5aZXBwZWxpbi9vcGVuemVwcGVsaW4tc29saWRpdHkvcHVsbC81MjIKICAgICAgICBpZiAoYSA9PSAwKSB7CiAgICAgICAgICAgIHJldHVybiAwOwogICAgICAgIH0KCiAgICAgICAgdWludDI1NiBjID0gYSAqIGI7CiAgICAgICAgcmVxdWlyZShjIC8gYSA9PSBiLCAiU2FmZU1hdGg6IG11bHRpcGxpY2F0aW9uIG92ZXJmbG93Iik7CgogICAgICAgIHJldHVybiBjOwogICAgfQogICAgZnVuY3Rpb24gZGl2KHVpbnQyNTYgYSwgdWludDI1NiBiKSBpbnRlcm5hbCBwdXJlIHJldHVybnMgKHVpbnQyNTYpIHsKICAgICAgICAvLyBTb2xpZGl0eSBvbmx5IGF1dG9tYXRpY2FsbHkgYXNzZXJ0cyB3aGVuIGRpdmlkaW5nIGJ5IDAKICAgICAgICByZXF1aXJlKGIgPiAwLCAiU2FmZU1hdGg6IGRpdmlzaW9uIGJ5IHplcm8iKTsKICAgICAgICB1aW50MjU2IGMgPSBhIC8gYjsKICAgICAgICAvLyBhc3NlcnQoYSA9PSBiICogYyArIGEgJSBiKTsgLy8gVGhlcmUgaXMgbm8gY2FzZSBpbiB3aGljaCB0aGlzIGRvZXNuJ3QgaG9sZAoKICAgICAgICByZXR1cm4gYzsKICAgIH0KICAgIGZ1bmN0aW9uIHN1Yih1aW50MjU2IGEsIHVpbnQyNTYgYikgaW50ZXJuYWwgcHVyZSByZXR1cm5zICh1aW50MjU2KSB7CiAgICAgICAgcmVxdWlyZShiIDw9IGEsICJTYWZlTWF0aDogc3VidHJhY3Rpb24gb3ZlcmZsb3ciKTsKICAgICAgICB1aW50MjU2IGMgPSBhIC0gYjsKCiAgICAgICAgcmV0dXJuIGM7CiAgICB9CiAgICBmdW5jdGlvbiBhZGQodWludDI1NiBhLCB1aW50MjU2IGIpIGludGVybmFsIHB1cmUgcmV0dXJucyAodWludDI1NikgewogICAgICAgIHVpbnQyNTYgYyA9IGEgKyBiOwogICAgICAgIHJlcXVpcmUoYyA+PSBhLCAiU2FmZU1hdGg6IGFkZGl0aW9uIG92ZXJmbG93Iik7CgogICAgICAgIHJldHVybiBjOwogICAgfQogICAgZnVuY3Rpb24gbW9kKHVpbnQyNTYgYSwgdWludDI1NiBiKSBpbnRlcm5hbCBwdXJlIHJldHVybnMgKHVpbnQyNTYpIHsKICAgICAgICByZXF1aXJlKGIgIT0gMCwgIlNhZmVNYXRoOiBtb2R1bG8gYnkgemVybyIpOwogICAgICAgIHJldHVybiBhICUgYjsKICAgIH0KfQo=',
 'IyBTYWZlTWF0aAoKU2FmZU1hdGggbGlicmFyeQoKQSBzZWN1cmUgbWF0aGVtYXRpY2FsIGxpYnJhcnkgdGhhdCBwcm92aWRlcyBhIHNhZmUgYWRkaXRpb24sIHN1YnRyYWN0LCBhbmQgZGl2aWRl44CCVGhlIHVzZSBvZiBzZWN1cmUgbWF0aGVtYXRpY2FsIGNvbnRyYWN0cyBjYW4gcmVmZXIgdG8gdGhlIFBvaW50cyBjb250cmFjdCB3YXJlaG91c2XjgII=', 'IyBTYWZlTWF0aAoKU2FmZU1hdGggbGlicmFyeQoKQSBzZWN1cmUgbWF0aGVtYXRpY2FsIGxpYnJhcnkgdGhhdCBwcm92aWRlcyBhIHNhZmUgYWRkaXRpb24sIHN1YnRyYWN0LCBhbmQgZGl2aWRl44CCVGhlIHVzZSBvZiBzZWN1cmUgbWF0aGVtYXRpY2FsIGNvbnRyYWN0cyBjYW4gcmVmZXIgdG8gdGhlIFBvaW50cyBjb250cmFjdCB3YXJlaG91c2XjgII=', now(), now());
INSERT INTO `tb_contract_item` (`id`, `warehouse_id`, `contract_folder_id`, `contract_name`, `contract_source`, `description`, `description_en`, `create_time`, `modify_time`) VALUES
(12, 3, 3, 'Address', 'cHJhZ21hIHNvbGlkaXR5IF4wLjQuMjQ7CgpsaWJyYXJ5IEFkZHJlc3MgewoKICAgIGZ1bmN0aW9uIGlzQ29udHJhY3QoYWRkcmVzcyBhZGRyKSBpbnRlcm5hbCB2aWV3IHJldHVybnMoYm9vbCkgewogICAgICAgIHVpbnQyNTYgc2l6ZTsKICAgICAgICBhc3NlbWJseSB7IHNpemUgOj0gZXh0Y29kZXNpemUoYWRkcikgfSAgCiAgICAgICAgcmV0dXJuIHNpemUgPiAwOwogICAgfQoKICAgIGZ1bmN0aW9uIGlzRW1wdHlBZGRyZXNzKGFkZHJlc3MgYWRkcikgaW50ZXJuYWwgcHVyZSByZXR1cm5zKGJvb2wpewogICAgICAgIHJldHVybiBhZGRyID09IGFkZHJlc3MoMCk7CiAgICB9Cn0=',
 'IyBBZGRyZXNzCgpBZGRyZXNzIGxpYnJhcnkKCkFkZHJlc3MgY29udHJhY3QgdXNhZ2UgbWV0aG9kcyBjYW4gcmVmZXIgdG8gdGhlIFBvaW50cyBjb250cmFjdCB3YXJlaG91c2XjgIIKCjEuIERldGVjdCB3aGV0aGVyIHRoZSBhZGRyZXNzIGlzIGEgY29udHJhY3QKMi4gRGV0ZWN0IGlmIHRoZSBhZGRyZXNzIGlzIDB4MA==', 'IyBBZGRyZXNzCgpBZGRyZXNzIGxpYnJhcnkKCkFkZHJlc3MgY29udHJhY3QgdXNhZ2UgbWV0aG9kcyBjYW4gcmVmZXIgdG8gdGhlIFBvaW50cyBjb250cmFjdCB3YXJlaG91c2XjgIIKCjEuIERldGVjdCB3aGV0aGVyIHRoZSBhZGRyZXNzIGlzIGEgY29udHJhY3QKMi4gRGV0ZWN0IGlmIHRoZSBhZGRyZXNzIGlzIDB4MA==', now(), now());
-- smart dev contracts
-- tools basic
INSERT INTO `tb_contract_item` (`id`, `warehouse_id`, `contract_folder_id`, `contract_name`, `contract_source`, `description`, `description_en`, `create_time`, `modify_time`) VALUES
(13, 1, 4, 'Crypto', 'LyoqCiAqIG9ubHkgc3VwcG9ydGVkIGluIEZJU0NPLUJDT1MgdjIuOC4wKyAKICovCmNvbnRyYWN0IENyeXB0bwp7CiAgICBmdW5jdGlvbiBzbTMoYnl0ZXMgbWVtb3J5IGRhdGEpIHB1YmxpYyB2aWV3IHJldHVybnMoYnl0ZXMzMil7fQogICAgZnVuY3Rpb24ga2VjY2FrMjU2SGFzaChieXRlcyBtZW1vcnkgZGF0YSkgcHVibGljIHZpZXcgcmV0dXJucyhieXRlczMyKXt9CiAgICBmdW5jdGlvbiBzbTJWZXJpZnkoYnl0ZXMzMiAgbWVzc2FnZSwgYnl0ZXMgbWVtb3J5IHB1YmxpY0tleSwgYnl0ZXMzMiByLCBieXRlczMyIHMpIHB1YmxpYyB2aWV3IHJldHVybnMoYm9vbCwgYWRkcmVzcyl7fQogICAgZnVuY3Rpb24gY3VydmUyNTUxOVZSRlZlcmlmeShzdHJpbmcgbWVtb3J5IGlucHV0LCBzdHJpbmcgbWVtb3J5IHZyZlB1YmxpY0tleSwgc3RyaW5nIG1lbW9yeSB2cmZQcm9vZikgcHVibGljIHZpZXcgcmV0dXJucyhib29sLHVpbnQyNTYpe30KfQ==',
 'IyBDcnlwdG8KCkNyeXB0byBJbnRlcmZhY2UgQ29udHJhY3Q=', 'IyBDcnlwdG8KCkNyeXB0byBJbnRlcmZhY2UgQ29udHJhY3Q=', now(), now());
INSERT INTO `tb_contract_item` (`id`, `warehouse_id`, `contract_folder_id`, `contract_name`, `contract_source`, `description`, `description_en`, `create_time`, `modify_time`) VALUES
(14, 1, 4, 'ShaTest', 'cHJhZ21hIHNvbGlkaXR5ID49MC40LjI0IDwwLjYuMTE7CgpwcmFnbWEgZXhwZXJpbWVudGFsIEFCSUVuY29kZXJWMjsKCmltcG9ydCAiLi9DcnlwdG8uc29sIjsKCi8qKgogKiBvbmx5IHN1cHBvcnRlZCBpbiBGSVNDTy1CQ09TIHYyLjguMCsgCiAqLwpjb250cmFjdCBTaGFUZXN0ewogICAgYnl0ZXMgX2RhdGEgPSAiSGVsbG8sIFNoYVRlc3QiOwogICAgQ3J5cHRvIGNyeXB0bzsKCiAgICBjb25zdHJ1Y3RvcigpIHB1YmxpYyB7CiAgICAgICAgY3J5cHRvID0gQ3J5cHRvKDB4NTAwNik7CiAgICB9CgogICAgZnVuY3Rpb24gZ2V0U2hhMjU2KGJ5dGVzIG1lbW9yeSBfbWVtb3J5KSBwdWJsaWMgcmV0dXJucyhieXRlczMyIHJlc3VsdCkKICAgIHsKICAgICAgICByZXR1cm4gc2hhMjU2KF9tZW1vcnkpOwogICAgfQoKICAgIGZ1bmN0aW9uIGdldEtlY2NhazI1NihieXRlcyBtZW1vcnkgX21lbW9yeSkgcHVibGljIHJldHVybnMoYnl0ZXMzMiByZXN1bHQpCiAgICB7CiAgICAgICAgcmV0dXJuIGtlY2NhazI1NihfbWVtb3J5KTsKICAgIH0KCiAgICBmdW5jdGlvbiBnZXREYXRhKCkgcHVibGljIHZpZXcgcmV0dXJucyhieXRlcyBtZW1vcnkpCiAgICB7CiAgICAgICAgcmV0dXJuIF9kYXRhOwogICAgfQp9Cg==',
'IyBTaGFUZXN0CgpDcnlwdG8gSW50ZXJmYWNlIENvbnRyYWN0CgpDcnlwdG8gVGVzdCBDb250cmFjdCBbQ3J5cHRvIEFQSV0oaHR0cHM6Ly90b29sa2l0LWRvYy5yZWFkdGhlZG9jcy5pby96aF9DTi9sYXRlc3QvZG9jcy9XZUJhbmtCbG9ja2NoYWluLVNtYXJ0RGV2LUNvbnRyYWN0L2FwaS9kZWZhdWx0L0NyeXB0by5odG1sKQo=', 'IyBTaGFUZXN0CgpDcnlwdG8gSW50ZXJmYWNlIENvbnRyYWN0CgpDcnlwdG8gVGVzdCBDb250cmFjdCBbQ3J5cHRvIEFQSV0oaHR0cHM6Ly90b29sa2l0LWRvYy5yZWFkdGhlZG9jcy5pby96aF9DTi9sYXRlc3QvZG9jcy9XZUJhbmtCbG9ja2NoYWluLVNtYXJ0RGV2LUNvbnRyYWN0L2FwaS9kZWZhdWx0L0NyeXB0by5odG1sKQo=', now(), now());
INSERT INTO `tb_contract_item` (`id`, `warehouse_id`, `contract_folder_id`, `contract_name`, `contract_source`, `description`, `description_en`, `create_time`, `modify_time`) VALUES
(15, 1, 4, 'HelloWorld', 'cHJhZ21hIHNvbGlkaXR5ID49MC40LjI0IDwwLjYuMTE7Cgpjb250cmFjdCBIZWxsb1dvcmxkIHsKICAgIHN0cmluZyBuYW1lOwoKICAgIGNvbnN0cnVjdG9yKCkgcHVibGljIHsKICAgICAgICBuYW1lID0gIkhlbGxvLCBXb3JsZCEiOwogICAgfQoKICAgIGZ1bmN0aW9uIGdldCgpIHB1YmxpYyB2aWV3IHJldHVybnMgKHN0cmluZyBtZW1vcnkpIHsKICAgICAgICByZXR1cm4gbmFtZTsKICAgIH0KCiAgICBmdW5jdGlvbiBzZXQoc3RyaW5nIG1lbW9yeSBuKSBwdWJsaWMgewogICAgICAgIG5hbWUgPSBuOwogICAgfQp9',
 'IyBIZWxsb1dvcmxkCgpIZWxsb1dvcmxkIENvbnRyYWN0Cg==', 'IyBIZWxsb1dvcmxkCgpIZWxsb1dvcmxkIENvbnRyYWN0Cg==', now(), now());
INSERT INTO `tb_contract_item` (`id`, `warehouse_id`, `contract_folder_id`, `contract_name`, `contract_source`, `description`, `description_en`, `create_time`, `modify_time`) VALUES
(16, 1, 4, 'KVTableTest', 'cHJhZ21hIHNvbGlkaXR5ID49MC40LjI0IDwwLjYuMTE7CgppbXBvcnQgIi4vVGFibGUuc29sIjsKCmNvbnRyYWN0IEtWVGFibGVUZXN0IHsKICAgIGV2ZW50IFNldFJlc3VsdChpbnQyNTYgY291bnQpOwoKICAgIEtWVGFibGVGYWN0b3J5IHRhYmxlRmFjdG9yeTsKICAgIHN0cmluZyBjb25zdGFudCBUQUJMRV9OQU1FID0gInRfa3Z0ZXN0IjsKCiAgICBjb25zdHJ1Y3RvcigpIHB1YmxpYyB7CiAgICAgICAgLy9UaGUgZml4ZWQgYWRkcmVzcyBpcyAweDEwMTAgZm9yIEtWVGFibGVGYWN0b3J5CiAgICAgICAgdGFibGVGYWN0b3J5ID0gS1ZUYWJsZUZhY3RvcnkoMHgxMDEwKTsKICAgICAgICAvLyB0aGUgcGFyYW1ldGVycyBvZiBjcmVhdGVUYWJsZSBhcmUgdGFibGVOYW1lLGtleUZpZWxkLCJ2bGF1ZUZpbGVkMSx2bGF1ZUZpbGVkMix2bGF1ZUZpbGVkMywuLi4iCiAgICAgICAgdGFibGVGYWN0b3J5LmNyZWF0ZVRhYmxlKFRBQkxFX05BTUUsICJpZCIsICJpdGVtX3ByaWNlLGl0ZW1fbmFtZSIpOwogICAgfQoKICAgIC8vZ2V0IHJlY29yZAogICAgZnVuY3Rpb24gZ2V0KHN0cmluZyBtZW1vcnkgaWQpIHB1YmxpYyB2aWV3IHJldHVybnMgKGJvb2wsIGludDI1Niwgc3RyaW5nIG1lbW9yeSkgewogICAgICAgIEtWVGFibGUgdGFibGUgPSB0YWJsZUZhY3Rvcnkub3BlblRhYmxlKFRBQkxFX05BTUUpOwogICAgICAgIGJvb2wgb2sgPSBmYWxzZTsKICAgICAgICBFbnRyeSBlbnRyeTsKICAgICAgICAob2ssIGVudHJ5KSA9IHRhYmxlLmdldChpZCk7CiAgICAgICAgaW50MjU2IGl0ZW1fcHJpY2U7CiAgICAgICAgc3RyaW5nIG1lbW9yeSBpdGVtX25hbWU7CiAgICAgICAgaWYgKG9rKSB7CiAgICAgICAgICAgIGl0ZW1fcHJpY2UgPSBlbnRyeS5nZXRJbnQoIml0ZW1fcHJpY2UiKTsKICAgICAgICAgICAgaXRlbV9uYW1lID0gZW50cnkuZ2V0U3RyaW5nKCJpdGVtX25hbWUiKTsKICAgICAgICB9CiAgICAgICAgcmV0dXJuIChvaywgaXRlbV9wcmljZSwgaXRlbV9uYW1lKTsKICAgIH0KCiAgICAvL3NldCByZWNvcmQKICAgIGZ1bmN0aW9uIHNldChzdHJpbmcgbWVtb3J5IGlkLCBpbnQyNTYgaXRlbV9wcmljZSwgc3RyaW5nIG1lbW9yeSBpdGVtX25hbWUpCiAgICBwdWJsaWMKICAgIHJldHVybnMgKGludDI1NikKICAgIHsKICAgICAgICBLVlRhYmxlIHRhYmxlID0gdGFibGVGYWN0b3J5Lm9wZW5UYWJsZShUQUJMRV9OQU1FKTsKICAgICAgICBFbnRyeSBlbnRyeSA9IHRhYmxlLm5ld0VudHJ5KCk7CiAgICAgICAgLy8gdGhlIGxlbmd0aCBvZiBlbnRyeSdzIGZpZWxkIHZhbHVlIHNob3VsZCA8IDE2TUIKICAgICAgICBlbnRyeS5zZXQoImlkIiwgaWQpOwogICAgICAgIGVudHJ5LnNldCgiaXRlbV9wcmljZSIsIGl0ZW1fcHJpY2UpOwogICAgICAgIGVudHJ5LnNldCgiaXRlbV9uYW1lIiwgaXRlbV9uYW1lKTsKICAgICAgICAvLyB0aGUgZmlyc3QgcGFyYW1ldGVyIGxlbmd0aCBvZiBzZXQgc2hvdWxkIDw9IDI1NUIKICAgICAgICBpbnQyNTYgY291bnQgPSB0YWJsZS5zZXQoaWQsIGVudHJ5KTsKICAgICAgICBlbWl0IFNldFJlc3VsdChjb3VudCk7CiAgICAgICAgcmV0dXJuIGNvdW50OwogICAgfQp9',
 'IyBLVlRhYmxlVGVzdAoKS1ZUYWJsZSBjb250cmFjdCBmb3IgQ1JVRCAKCkNSVUQgVGVzdCwgW0NSVUQgQVBJXShodHRwczovL2Zpc2NvLWJjb3MtZG9jdW1lbnRhdGlvbi5yZWFkdGhlZG9jcy5pby96aF9DTi9sYXRlc3QvZG9jcy9hcnRpY2xlcy8zX2ZlYXR1cmVzLzMzX3N0b3JhZ2UvY3J1ZF9ndWlkYW5jZS5odG1sKQo=', 'IyBLVlRhYmxlVGVzdAoKS1ZUYWJsZSBjb250cmFjdCBmb3IgQ1JVRCAKCkNSVUQgVGVzdCwgW0NSVUQgQVBJXShodHRwczovL2Zpc2NvLWJjb3MtZG9jdW1lbnRhdGlvbi5yZWFkdGhlZG9jcy5pby96aF9DTi9sYXRlc3QvZG9jcy9hcnRpY2xlcy8zX2ZlYXR1cmVzLzMzX3N0b3JhZ2UvY3J1ZF9ndWlkYW5jZS5odG1sKQo=', now(), now());
INSERT INTO `tb_contract_item` (`id`, `warehouse_id`, `contract_folder_id`, `contract_name`, `contract_source`, `description`, `description_en`, `create_time`, `modify_time`) VALUES
(17, 1, 4, 'Table', 'CmNvbnRyYWN0IFRhYmxlRmFjdG9yeSB7CiAgICBmdW5jdGlvbiBvcGVuVGFibGUoc3RyaW5nIG1lbW9yeSkgcHVibGljIHZpZXcgcmV0dXJucyAoVGFibGUpIHt9IC8vb3BlbiB0YWJsZQogICAgZnVuY3Rpb24gY3JlYXRlVGFibGUoc3RyaW5nIG1lbW9yeSwgc3RyaW5nIG1lbW9yeSwgc3RyaW5nIG1lbW9yeSkgcHVibGljIHJldHVybnMgKGludDI1Nikge30gLy9jcmVhdGUgdGFibGUKfQoKLy9zZWxlY3QgY29uZGl0aW9uCmNvbnRyYWN0IENvbmRpdGlvbiB7CiAgICBmdW5jdGlvbiBFUShzdHJpbmcgbWVtb3J5LCBpbnQyNTYpIHB1YmxpYyB2aWV3e30KICAgIGZ1bmN0aW9uIEVRKHN0cmluZyBtZW1vcnksIHN0cmluZyBtZW1vcnkpIHB1YmxpYyB2aWV3e30KCiAgICBmdW5jdGlvbiBORShzdHJpbmcgbWVtb3J5LCBpbnQyNTYpIHB1YmxpYyB2aWV3e30KICAgIGZ1bmN0aW9uIE5FKHN0cmluZyBtZW1vcnksIHN0cmluZyBtZW1vcnkpIHB1YmxpYyB2aWV3e30KCiAgICBmdW5jdGlvbiBHVChzdHJpbmcgbWVtb3J5LCBpbnQyNTYpIHB1YmxpYyB2aWV3e30KICAgIGZ1bmN0aW9uIEdFKHN0cmluZyBtZW1vcnksIGludDI1NikgcHVibGljIHZpZXd7fQoKICAgIGZ1bmN0aW9uIExUKHN0cmluZyBtZW1vcnksIGludDI1NikgcHVibGljIHZpZXd7fQogICAgZnVuY3Rpb24gTEUoc3RyaW5nIG1lbW9yeSwgaW50MjU2KSBwdWJsaWMgdmlld3t9CgogICAgZnVuY3Rpb24gbGltaXQoaW50MjU2KSBwdWJsaWMgdmlld3t9CiAgICBmdW5jdGlvbiBsaW1pdChpbnQyNTYsIGludDI1NikgcHVibGljIHZpZXd7fQp9CgovL29uZSByZWNvcmQKY29udHJhY3QgRW50cnkgewogICAgZnVuY3Rpb24gZ2V0SW50KHN0cmluZyBtZW1vcnkpIHB1YmxpYyB2aWV3IHJldHVybnMgKGludDI1Nikge30KICAgIGZ1bmN0aW9uIGdldFVJbnQoc3RyaW5nIG1lbW9yeSkgcHVibGljIHZpZXcgcmV0dXJucyAodWludDI1Nikge30KICAgIGZ1bmN0aW9uIGdldEFkZHJlc3Moc3RyaW5nIG1lbW9yeSkgcHVibGljIHZpZXcgcmV0dXJucyAoYWRkcmVzcykge30KICAgIGZ1bmN0aW9uIGdldEJ5dGVzNjQoc3RyaW5nIG1lbW9yeSkgcHVibGljIHZpZXcgcmV0dXJucyAoYnl0ZXMxWzY0XSBtZW1vcnkpIHt9CiAgICBmdW5jdGlvbiBnZXRCeXRlczMyKHN0cmluZyBtZW1vcnkpIHB1YmxpYyB2aWV3IHJldHVybnMgKGJ5dGVzMzIpIHt9CiAgICBmdW5jdGlvbiBnZXRTdHJpbmcoc3RyaW5nIG1lbW9yeSkgcHVibGljIHZpZXcgcmV0dXJucyAoc3RyaW5nIG1lbW9yeSkge30KCiAgICBmdW5jdGlvbiBzZXQoc3RyaW5nIG1lbW9yeSwgaW50MjU2KSBwdWJsaWMge30KICAgIGZ1bmN0aW9uIHNldChzdHJpbmcgbWVtb3J5LCB1aW50MjU2KSBwdWJsaWMge30KICAgIGZ1bmN0aW9uIHNldChzdHJpbmcgbWVtb3J5LCBzdHJpbmcgbWVtb3J5KSBwdWJsaWMge30KICAgIGZ1bmN0aW9uIHNldChzdHJpbmcgbWVtb3J5LCBhZGRyZXNzKSBwdWJsaWMge30KfQoKLy9yZWNvcmQgc2V0cwpjb250cmFjdCBFbnRyaWVzIHsKICAgIGZ1bmN0aW9uIGdldChpbnQyNTYpIHB1YmxpYyB2aWV3IHJldHVybnMgKEVudHJ5KSB7fQogICAgZnVuY3Rpb24gc2l6ZSgpIHB1YmxpYyB2aWV3IHJldHVybnMgKGludDI1Nikge30KfQoKLy9UYWJsZSBtYWluIGNvbnRyYWN0CmNvbnRyYWN0IFRhYmxlIHsKICAgIGZ1bmN0aW9uIHNlbGVjdChzdHJpbmcgbWVtb3J5LCBDb25kaXRpb24pIHB1YmxpYyB2aWV3IHJldHVybnMgKEVudHJpZXMpIHt9CiAgICBmdW5jdGlvbiBpbnNlcnQoc3RyaW5nIG1lbW9yeSwgRW50cnkpIHB1YmxpYyByZXR1cm5zIChpbnQyNTYpIHt9CiAgICBmdW5jdGlvbiB1cGRhdGUoc3RyaW5nIG1lbW9yeSwgRW50cnksIENvbmRpdGlvbikgcHVibGljIHJldHVybnMgKGludDI1Nikge30KICAgIGZ1bmN0aW9uIHJlbW92ZShzdHJpbmcgbWVtb3J5LCBDb25kaXRpb24pIHB1YmxpYyByZXR1cm5zIChpbnQyNTYpIHt9CgogICAgZnVuY3Rpb24gbmV3RW50cnkoKSBwdWJsaWMgdmlldyByZXR1cm5zIChFbnRyeSkge30KICAgIGZ1bmN0aW9uIG5ld0NvbmRpdGlvbigpIHB1YmxpYyB2aWV3IHJldHVybnMgKENvbmRpdGlvbikge30KfQoKY29udHJhY3QgS1ZUYWJsZUZhY3RvcnkgewogICAgZnVuY3Rpb24gb3BlblRhYmxlKHN0cmluZyBtZW1vcnkpIHB1YmxpYyB2aWV3IHJldHVybnMgKEtWVGFibGUpIHt9CiAgICBmdW5jdGlvbiBjcmVhdGVUYWJsZShzdHJpbmcgbWVtb3J5LCBzdHJpbmcgbWVtb3J5LCBzdHJpbmcgbWVtb3J5KSBwdWJsaWMgcmV0dXJucyAoaW50MjU2KSB7fQp9CgovL0tWVGFibGUgcGVyIHBlcm1pYXJ5IGtleSBoYXMgb25seSBvbmUgRW50cnkKY29udHJhY3QgS1ZUYWJsZSB7CiAgICBmdW5jdGlvbiBnZXQoc3RyaW5nIG1lbW9yeSkgcHVibGljIHZpZXcgcmV0dXJucyAoYm9vbCwgRW50cnkpIHt9CiAgICBmdW5jdGlvbiBzZXQoc3RyaW5nIG1lbW9yeSwgRW50cnkpIHB1YmxpYyByZXR1cm5zIChpbnQyNTYpIHt9CiAgICBmdW5jdGlvbiBuZXdFbnRyeSgpIHB1YmxpYyB2aWV3IHJldHVybnMgKEVudHJ5KSB7fQp9Cg==',
 'IyBUYWJsZQoKVGFibGUgY29udHJhY3QgZm9yIENSVUQsIFtDUlVEIEFQSV0oaHR0cHM6Ly9maXNjby1iY29zLWRvY3VtZW50YXRpb24ucmVhZHRoZWRvY3MuaW8vemhfQ04vbGF0ZXN0L2RvY3MvYXJ0aWNsZXMvM19mZWF0dXJlcy8zM19zdG9yYWdlL2NydWRfZ3VpZGFuY2UuaHRtbCkK', 'IyBUYWJsZQoKVGFibGUgY29udHJhY3QgZm9yIENSVUQsIFtDUlVEIEFQSV0oaHR0cHM6Ly9maXNjby1iY29zLWRvY3VtZW50YXRpb24ucmVhZHRoZWRvY3MuaW8vemhfQ04vbGF0ZXN0L2RvY3MvYXJ0aWNsZXMvM19mZWF0dXJlcy8zM19zdG9yYWdlL2NydWRfZ3VpZGFuY2UuaHRtbCkK', now(), now());
INSERT INTO `tb_contract_item` (`id`, `warehouse_id`, `contract_folder_id`, `contract_name`, `contract_source`, `description`, `description_en`, `create_time`, `modify_time`) VALUES
(18, 1, 4, 'TableTest', 'cHJhZ21hIHNvbGlkaXR5ID49MC40LjI0IDwwLjYuMTE7CnByYWdtYSBleHBlcmltZW50YWwgQUJJRW5jb2RlclYyOwoKaW1wb3J0ICIuL1RhYmxlLnNvbCI7Cgpjb250cmFjdCBUYWJsZVRlc3QgewogICAgZXZlbnQgQ3JlYXRlUmVzdWx0KGludDI1NiBjb3VudCk7CiAgICBldmVudCBJbnNlcnRSZXN1bHQoaW50MjU2IGNvdW50KTsKICAgIGV2ZW50IFVwZGF0ZVJlc3VsdChpbnQyNTYgY291bnQpOwogICAgZXZlbnQgUmVtb3ZlUmVzdWx0KGludDI1NiBjb3VudCk7CgogICAgVGFibGVGYWN0b3J5IHRhYmxlRmFjdG9yeTsKICAgIHN0cmluZyBjb25zdGFudCBUQUJMRV9OQU1FID0gInRfdGVzdCI7CiAgICBjb25zdHJ1Y3RvcigpIHB1YmxpYyB7CiAgICAgICAgdGFibGVGYWN0b3J5ID0gVGFibGVGYWN0b3J5KDB4MTAwMSk7IC8vVGhlIGZpeGVkIGFkZHJlc3MgaXMgMHgxMDAxIGZvciBUYWJsZUZhY3RvcnkKICAgICAgICAvLyB0aGUgcGFyYW1ldGVycyBvZiBjcmVhdGVUYWJsZSBhcmUgdGFibGVOYW1lLGtleUZpZWxkLCJ2bGF1ZUZpbGVkMSx2bGF1ZUZpbGVkMix2bGF1ZUZpbGVkMywuLi4iCiAgICAgICAgdGFibGVGYWN0b3J5LmNyZWF0ZVRhYmxlKFRBQkxFX05BTUUsICJuYW1lIiwgIml0ZW1faWQsaXRlbV9uYW1lIik7CiAgICB9CgogICAgLy9zZWxlY3QgcmVjb3JkcwogICAgZnVuY3Rpb24gc2VsZWN0KHN0cmluZyBtZW1vcnkgbmFtZSkKICAgIHB1YmxpYwogICAgdmlldwogICAgcmV0dXJucyAoc3RyaW5nW10gbWVtb3J5LCBpbnQyNTZbXSBtZW1vcnksIHN0cmluZ1tdIG1lbW9yeSkKICAgIHsKICAgICAgICBUYWJsZSB0YWJsZSA9IHRhYmxlRmFjdG9yeS5vcGVuVGFibGUoVEFCTEVfTkFNRSk7CgogICAgICAgIENvbmRpdGlvbiBjb25kaXRpb24gPSB0YWJsZS5uZXdDb25kaXRpb24oKTsKCiAgICAgICAgRW50cmllcyBlbnRyaWVzID0gdGFibGUuc2VsZWN0KG5hbWUsIGNvbmRpdGlvbik7CiAgICAgICAgc3RyaW5nW10gbWVtb3J5IHVzZXJfbmFtZV9ieXRlc19saXN0ID0gbmV3IHN0cmluZ1tdKAogICAgICAgICAgICB1aW50MjU2KGVudHJpZXMuc2l6ZSgpKQogICAgICAgICk7CiAgICAgICAgaW50MjU2W10gbWVtb3J5IGl0ZW1faWRfbGlzdCA9IG5ldyBpbnQyNTZbXSh1aW50MjU2KGVudHJpZXMuc2l6ZSgpKSk7CiAgICAgICAgc3RyaW5nW10gbWVtb3J5IGl0ZW1fbmFtZV9ieXRlc19saXN0ID0gbmV3IHN0cmluZ1tdKAogICAgICAgICAgICB1aW50MjU2KGVudHJpZXMuc2l6ZSgpKQogICAgICAgICk7CgogICAgICAgIGZvciAoaW50MjU2IGkgPSAwOyBpIDwgZW50cmllcy5zaXplKCk7ICsraSkgewogICAgICAgICAgICBFbnRyeSBlbnRyeSA9IGVudHJpZXMuZ2V0KGkpOwoKICAgICAgICAgICAgdXNlcl9uYW1lX2J5dGVzX2xpc3RbdWludDI1NihpKV0gPSBlbnRyeS5nZXRTdHJpbmcoIm5hbWUiKTsKICAgICAgICAgICAgaXRlbV9pZF9saXN0W3VpbnQyNTYoaSldID0gZW50cnkuZ2V0SW50KCJpdGVtX2lkIik7CiAgICAgICAgICAgIGl0ZW1fbmFtZV9ieXRlc19saXN0W3VpbnQyNTYoaSldID0gZW50cnkuZ2V0U3RyaW5nKCJpdGVtX25hbWUiKTsKICAgICAgICB9CgogICAgICAgIHJldHVybiAodXNlcl9uYW1lX2J5dGVzX2xpc3QsIGl0ZW1faWRfbGlzdCwgaXRlbV9uYW1lX2J5dGVzX2xpc3QpOwogICAgfQogICAgLy9pbnNlcnQgcmVjb3JkcwogICAgZnVuY3Rpb24gaW5zZXJ0KHN0cmluZyBtZW1vcnkgbmFtZSwgaW50MjU2IGl0ZW1faWQsIHN0cmluZyBtZW1vcnkgaXRlbV9uYW1lKQogICAgcHVibGljCiAgICByZXR1cm5zIChpbnQyNTYpCiAgICB7CiAgICAgICAgVGFibGUgdGFibGUgPSB0YWJsZUZhY3Rvcnkub3BlblRhYmxlKFRBQkxFX05BTUUpOwoKICAgICAgICBFbnRyeSBlbnRyeSA9IHRhYmxlLm5ld0VudHJ5KCk7CiAgICAgICAgZW50cnkuc2V0KCJuYW1lIiwgbmFtZSk7CiAgICAgICAgZW50cnkuc2V0KCJpdGVtX2lkIiwgaXRlbV9pZCk7CiAgICAgICAgZW50cnkuc2V0KCJpdGVtX25hbWUiLCBpdGVtX25hbWUpOwoKICAgICAgICBpbnQyNTYgY291bnQgPSB0YWJsZS5pbnNlcnQobmFtZSwgZW50cnkpOwogICAgICAgIGVtaXQgSW5zZXJ0UmVzdWx0KGNvdW50KTsKCiAgICAgICAgcmV0dXJuIGNvdW50OwogICAgfQogICAgLy91cGRhdGUgcmVjb3JkcwogICAgZnVuY3Rpb24gdXBkYXRlKHN0cmluZyBtZW1vcnkgbmFtZSwgaW50MjU2IGl0ZW1faWQsIHN0cmluZyBtZW1vcnkgaXRlbV9uYW1lKQogICAgcHVibGljCiAgICByZXR1cm5zIChpbnQyNTYpCiAgICB7CiAgICAgICAgVGFibGUgdGFibGUgPSB0YWJsZUZhY3Rvcnkub3BlblRhYmxlKFRBQkxFX05BTUUpOwoKICAgICAgICBFbnRyeSBlbnRyeSA9IHRhYmxlLm5ld0VudHJ5KCk7CiAgICAgICAgZW50cnkuc2V0KCJpdGVtX25hbWUiLCBpdGVtX25hbWUpOwoKICAgICAgICBDb25kaXRpb24gY29uZGl0aW9uID0gdGFibGUubmV3Q29uZGl0aW9uKCk7CiAgICAgICAgY29uZGl0aW9uLkVRKCJuYW1lIiwgbmFtZSk7CiAgICAgICAgY29uZGl0aW9uLkVRKCJpdGVtX2lkIiwgaXRlbV9pZCk7CgogICAgICAgIGludDI1NiBjb3VudCA9IHRhYmxlLnVwZGF0ZShuYW1lLCBlbnRyeSwgY29uZGl0aW9uKTsKICAgICAgICBlbWl0IFVwZGF0ZVJlc3VsdChjb3VudCk7CgogICAgICAgIHJldHVybiBjb3VudDsKICAgIH0KICAgIC8vcmVtb3ZlIHJlY29yZHMKICAgIGZ1bmN0aW9uIHJlbW92ZShzdHJpbmcgbWVtb3J5IG5hbWUsIGludDI1NiBpdGVtX2lkKSBwdWJsaWMgcmV0dXJucyAoaW50MjU2KSB7CiAgICAgICAgVGFibGUgdGFibGUgPSB0YWJsZUZhY3Rvcnkub3BlblRhYmxlKFRBQkxFX05BTUUpOwoKICAgICAgICBDb25kaXRpb24gY29uZGl0aW9uID0gdGFibGUubmV3Q29uZGl0aW9uKCk7CiAgICAgICAgY29uZGl0aW9uLkVRKCJuYW1lIiwgbmFtZSk7CiAgICAgICAgY29uZGl0aW9uLkVRKCJpdGVtX2lkIiwgaXRlbV9pZCk7CgogICAgICAgIGludDI1NiBjb3VudCA9IHRhYmxlLnJlbW92ZShuYW1lLCBjb25kaXRpb24pOwogICAgICAgIGVtaXQgUmVtb3ZlUmVzdWx0KGNvdW50KTsKCiAgICAgICAgcmV0dXJuIGNvdW50OwogICAgfQp9Cg==',
 'IyBUYWJsZVRlc3QKClRhYmxlIGNvbnRyYWN0IGZvciBDUlVEIAoKQ1JVRCBUZXN0LCBbQ1JVRCBBUEldKGh0dHBzOi8vZmlzY28tYmNvcy1kb2N1bWVudGF0aW9uLnJlYWR0aGVkb2NzLmlvL3poX0NOL2xhdGVzdC9kb2NzL2FydGljbGVzLzNfZmVhdHVyZXMvMzNfc3RvcmFnZS9jcnVkX2d1aWRhbmNlLmh0bWwpCg==', 'IyBUYWJsZVRlc3QKClRhYmxlIGNvbnRyYWN0IGZvciBDUlVEIAoKQ1JVRCBUZXN0LCBbQ1JVRCBBUEldKGh0dHBzOi8vZmlzY28tYmNvcy1kb2N1bWVudGF0aW9uLnJlYWR0aGVkb2NzLmlvL3poX0NOL2xhdGVzdC9kb2NzL2FydGljbGVzLzNfZmVhdHVyZXMvMzNfc3RvcmFnZS9jcnVkX2d1aWRhbmNlLmh0bWwpCg==', now(), now());
-- evidence
INSERT INTO `tb_contract_item` (`id`, `warehouse_id`, `contract_folder_id`, `contract_name`, `contract_source`, `description`, `description_en`, `create_time`, `modify_time`) VALUES
(19, 4, 5, 'EvidenceController', 'Ci8qCiAqIENvcHlyaWdodCAyMDE0LTIwMTkgdGhlIG9yaWdpbmFsIGF1dGhvciBvciBhdXRob3JzLgogKgogKiBMaWNlbnNlZCB1bmRlciB0aGUgQXBhY2hlIExpY2Vuc2UsIFZlcnNpb24gMi4wICh0aGUgIkxpY2Vuc2UiKTsKICogeW91IG1heSBub3QgdXNlIHRoaXMgZmlsZSBleGNlcHQgaW4gY29tcGxpYW5jZSB3aXRoIHRoZSBMaWNlbnNlLgogKiBZb3UgbWF5IG9idGFpbiBhIGNvcHkgb2YgdGhlIExpY2Vuc2UgYXQKICoKICogICAgICBodHRwOi8vd3d3LmFwYWNoZS5vcmcvbGljZW5zZXMvTElDRU5TRS0yLjAKICoKICogVW5sZXNzIHJlcXVpcmVkIGJ5IGFwcGxpY2FibGUgbGF3IG9yIGFncmVlZCB0byBpbiB3cml0aW5nLCBzb2Z0d2FyZQogKiBkaXN0cmlidXRlZCB1bmRlciB0aGUgTGljZW5zZSBpcyBkaXN0cmlidXRlZCBvbiBhbiAiQVMgSVMiIEJBU0lTLAogKiBXSVRIT1VUIFdBUlJBTlRJRVMgT1IgQ09ORElUSU9OUyBPRiBBTlkgS0lORCwgZWl0aGVyIGV4cHJlc3Mgb3IgaW1wbGllZC4KICogU2VlIHRoZSBMaWNlbnNlIGZvciB0aGUgc3BlY2lmaWMgbGFuZ3VhZ2UgZ292ZXJuaW5nIHBlcm1pc3Npb25zIGFuZAogKiBsaW1pdGF0aW9ucyB1bmRlciB0aGUgTGljZW5zZS4KICogKi8KCnByYWdtYSBzb2xpZGl0eSA+PTAuNC4yNCA8MC42LjExOyAKCmltcG9ydCAiLi9SZXF1ZXN0UmVwb3NpdG9yeS5zb2wiOwppbXBvcnQgIi4vRXZpZGVuY2VSZXBvc2l0b3J5LnNvbCI7Cgpjb250cmFjdCBFdmlkZW5jZUNvbnRyb2xsZXJ7CiAgICBSZXF1ZXN0UmVwb3NpdG9yeSBwdWJsaWMgX3JlcXVlc3RSZXBvOwogICAgRXZpZGVuY2VSZXBvc2l0b3J5IHB1YmxpYyBfZXZpZGVuY2VSZXBvOwoKICAgIGV2ZW50IENyZWF0ZVNhdmVSZXF1ZXN0KGJ5dGVzMzIgaW5kZXhlZCBoYXNoLCBhZGRyZXNzIGNyZWF0b3IpOyAgIAogICAgZXZlbnQgVm90ZVNhdmVSZXF1ZXN0KGJ5dGVzMzIgaW5kZXhlZCBoYXNoLCBhZGRyZXNzIHZvdGVyLCBib29sIGNvbXBsZXRlKTsKICAgIGV2ZW50IEV2aWRlbmNlU2F2ZWQoYnl0ZXMzMiBpbmRleGVkIGhhc2gpOwoKICAgIGNvbnN0cnVjdG9yKHVpbnQ4IHRocmVzaG9sZCwgYWRkcmVzc1tdIG1lbW9yeSB2b3RlckFycmF5KSBwdWJsaWN7CiAgICAgICAgX3JlcXVlc3RSZXBvID0gbmV3IFJlcXVlc3RSZXBvc2l0b3J5KHRocmVzaG9sZCwgdm90ZXJBcnJheSk7CiAgICAgICAgX2V2aWRlbmNlUmVwbyA9IG5ldyBFdmlkZW5jZVJlcG9zaXRvcnkoKTsKICAgIH0KCiAgICBtb2RpZmllciB2YWxpZGF0ZUhhc2goYnl0ZXMzMiBoYXNoKXsKICAgICAgcmVxdWlyZShoYXNoICE9IDAsICJOb3QgdmFsaWQgaGFzaCIpOwogICAgICBfOwogICAgfQoKICAgIGZ1bmN0aW9uIGNyZWF0ZVNhdmVSZXF1ZXN0KGJ5dGVzMzIgaGFzaCwgYnl0ZXMgbWVtb3J5IGV4dCkgcHVibGljIHZhbGlkYXRlSGFzaChoYXNoKXsKICAgICAgICBfcmVxdWVzdFJlcG8uY3JlYXRlU2F2ZVJlcXVlc3QoaGFzaCwgbXNnLnNlbmRlciwgZXh0KTsKICAgICAgICBlbWl0IENyZWF0ZVNhdmVSZXF1ZXN0KGhhc2gsIG1zZy5zZW5kZXIpOwogICAgfQoKICAgIGZ1bmN0aW9uIHZvdGVTYXZlUmVxdWVzdChieXRlczMyIGhhc2gpIHB1YmxpYyB2YWxpZGF0ZUhhc2goaGFzaCkgcmV0dXJucyhib29sKXsKICAgICAgICBib29sIGIgPSBfcmVxdWVzdFJlcG8udm90ZVNhdmVSZXF1ZXN0KGhhc2gsIG1zZy5zZW5kZXIpOwogICAgICAgIGlmKCFiKSB7CiAgICAgICAgICAgIHJldHVybiBmYWxzZTsKICAgICAgICB9CiAgICAgICAgKGJ5dGVzMzIgaCwgYWRkcmVzcyBjcmVhdG9yLCBieXRlcyBtZW1vcnkgZXh0LCAgdWludDggdm90ZWQsIHVpbnQ4IHRocmVzaG9sZCkgPSAgX3JlcXVlc3RSZXBvLmdldFJlcXVlc3REYXRhKGhhc2gpOwogICAgICAgIGJvb2wgcGFzc2VkID0gdm90ZWQgPj0gdGhyZXNob2xkOwogICAgICAgIGVtaXQgVm90ZVNhdmVSZXF1ZXN0KGhhc2gsIG1zZy5zZW5kZXIsIHBhc3NlZCk7CiAgICAgICAgaWYocGFzc2VkKXsKICAgICAgICAgICAgX2V2aWRlbmNlUmVwby5zZXREYXRhKGhhc2gsIGNyZWF0b3IsIG5vdyk7CiAgICAgICAgICAgIF9yZXF1ZXN0UmVwby5kZWxldGVTYXZlUmVxdWVzdChoYXNoKTsKICAgICAgICAgICAgZW1pdCBFdmlkZW5jZVNhdmVkKGhhc2gpOwogICAgICAgIH0KICAgICAgICByZXR1cm4gdHJ1ZTsKICAgIH0KCiAgICBmdW5jdGlvbiBnZXRSZXF1ZXN0RGF0YShieXRlczMyIGhhc2gpIHB1YmxpYyB2aWV3IAogICAgICByZXR1cm5zKGJ5dGVzMzIsIGFkZHJlc3MgY3JlYXRvciwgYnl0ZXMgbWVtb3J5IGV4dCwgdWludDggdm90ZWQsIHVpbnQ4IHRocmVzaG9sZCl7CiAgICAgICAgcmV0dXJuIF9yZXF1ZXN0UmVwby5nZXRSZXF1ZXN0RGF0YShoYXNoKTsKICAgIH0KCiAgICBmdW5jdGlvbiBnZXRFdmlkZW5jZShieXRlczMyIGhhc2gpIHB1YmxpYyB2aWV3IHJldHVybnMoYnl0ZXMzMiAsIGFkZHJlc3MsIHVpbnQpewogICAgICAgIHJldHVybiBfZXZpZGVuY2VSZXBvLmdldERhdGEoaGFzaCk7CiAgICB9Cn0K',
 'IyBFdmlkZW5jZeWtmOivgQoKIyMg566A5LuLCgrlrZjor4Hmk43kvZzvvIzkuIrkvKDjgIHlrqHmibnjgIHkv67mlLnjgIHliKDpmaTnrYnvvIzor6bmg4Xmn6XnnItbU21hcnQtRGV2IEV2aWRlbmNlIERvY10oaHR0cHM6Ly90b29sa2l0LWRvYy5yZWFkdGhlZG9jcy5pby96aF9DTi9sYXRlc3QvZG9jcy9XZUJhbmtCbG9ja2NoYWluLVNtYXJ0RGV2LUNvbnRyYWN0L2FwaS9idXNpbmVzc190ZW1wbGF0ZS9FdmlkZW5jZS5odG1sKQoK5ZCI57qm77yaCjEpIEV2aWRlbmNlQ29udHJvbGxlciDlr7nlpJbmnI3liqHnmoTllK/kuIDmjqXlj6MKMikgRXZpZGVuY2VSZXBvc2l0b3J5IOi+heWKqeWQiOe6pu+8jOeUqOS6juaVsOaNruWSjOmAu+i+keWIhuemuwozKSBSZXF1ZXN0UmVwb3NpdG9yeSDovoXliqnlkIjnuqbvvIznlKjkuo7mlbDmja7lkozpgLvovpHliIbnprsKNCkgQXV0aGVudGljYXRpb24g6L6F5Yqp5ZCI57qm77yM55So5LqO5pWw5o2u5ZKM6YC76L6R5YiG56a7', 'IyBFdmlkZW5jZeWtmOivgQoKIyMg566A5LuLCgrlrZjor4Hmk43kvZzvvIzkuIrkvKDjgIHlrqHmibnjgIHkv67mlLnjgIHliKDpmaTnrYnvvIzor6bmg4Xmn6XnnItbU21hcnQtRGV2IEV2aWRlbmNlIERvY10oaHR0cHM6Ly90b29sa2l0LWRvYy5yZWFkdGhlZG9jcy5pby96aF9DTi9sYXRlc3QvZG9jcy9XZUJhbmtCbG9ja2NoYWluLVNtYXJ0RGV2LUNvbnRyYWN0L2FwaS9idXNpbmVzc190ZW1wbGF0ZS9FdmlkZW5jZS5odG1sKQoK5ZCI57qm77yaCjEpIEV2aWRlbmNlQ29udHJvbGxlciDlr7nlpJbmnI3liqHnmoTllK/kuIDmjqXlj6MKMikgRXZpZGVuY2VSZXBvc2l0b3J5IOi+heWKqeWQiOe6pu+8jOeUqOS6juaVsOaNruWSjOmAu+i+keWIhuemuwozKSBSZXF1ZXN0UmVwb3NpdG9yeSDovoXliqnlkIjnuqbvvIznlKjkuo7mlbDmja7lkozpgLvovpHliIbnprsKNCkgQXV0aGVudGljYXRpb24g6L6F5Yqp5ZCI57qm77yM55So5LqO5pWw5o2u5ZKM6YC76L6R5YiG56a7', now(), now());
INSERT INTO `tb_contract_item` (`id`, `warehouse_id`, `contract_folder_id`, `contract_name`, `contract_source`, `description`, `description_en`, `create_time`, `modify_time`) VALUES
(20, 4, 5, 'EvidenceRepository', 'LyoKICogQ29weXJpZ2h0IDIwMTQtMjAxOSB0aGUgb3JpZ2luYWwgYXV0aG9yIG9yIGF1dGhvcnMuCiAqCiAqIExpY2Vuc2VkIHVuZGVyIHRoZSBBcGFjaGUgTGljZW5zZSwgVmVyc2lvbiAyLjAgKHRoZSAiTGljZW5zZSIpOwogKiB5b3UgbWF5IG5vdCB1c2UgdGhpcyBmaWxlIGV4Y2VwdCBpbiBjb21wbGlhbmNlIHdpdGggdGhlIExpY2Vuc2UuCiAqIFlvdSBtYXkgb2J0YWluIGEgY29weSBvZiB0aGUgTGljZW5zZSBhdAogKgogKiAgICAgIGh0dHA6Ly93d3cuYXBhY2hlLm9yZy9saWNlbnNlcy9MSUNFTlNFLTIuMAogKgogKiBVbmxlc3MgcmVxdWlyZWQgYnkgYXBwbGljYWJsZSBsYXcgb3IgYWdyZWVkIHRvIGluIHdyaXRpbmcsIHNvZnR3YXJlCiAqIGRpc3RyaWJ1dGVkIHVuZGVyIHRoZSBMaWNlbnNlIGlzIGRpc3RyaWJ1dGVkIG9uIGFuICJBUyBJUyIgQkFTSVMsCiAqIFdJVEhPVVQgV0FSUkFOVElFUyBPUiBDT05ESVRJT05TIE9GIEFOWSBLSU5ELCBlaXRoZXIgZXhwcmVzcyBvciBpbXBsaWVkLgogKiBTZWUgdGhlIExpY2Vuc2UgZm9yIHRoZSBzcGVjaWZpYyBsYW5ndWFnZSBnb3Zlcm5pbmcgcGVybWlzc2lvbnMgYW5kCiAqIGxpbWl0YXRpb25zIHVuZGVyIHRoZSBMaWNlbnNlLgogKiAqLwoKcHJhZ21hIHNvbGlkaXR5ID49MC40LjI0IDwwLjYuMTE7CmltcG9ydCAiLi9BdXRoZW50aWNhdGlvbi5zb2wiOwoKY29udHJhY3QgRXZpZGVuY2VSZXBvc2l0b3J5IGlzIEF1dGhlbnRpY2F0aW9uIHsgICAgCiAgICBzdHJ1Y3QgRXZpZGVuY2VEYXRhewogICAgICAgIGJ5dGVzMzIgaGFzaDsKICAgICAgICBhZGRyZXNzIG93bmVyOwogICAgICAgIHVpbnQgdGltZXN0YW1wOwogICAgfQogICAgbWFwcGluZyhieXRlczMyPT5FdmlkZW5jZURhdGEpIHByaXZhdGUgX2V2aWRlbmNlczsgIAogICAgCiAgICBmdW5jdGlvbiBzZXREYXRhKGJ5dGVzMzIgaGFzaCwgYWRkcmVzcyBvd25lciwgdWludCB0aW1lc3RhbXApIHB1YmxpYyBhdXRoIHsKICAgICAgICBfZXZpZGVuY2VzW2hhc2hdLmhhc2ggPSBoYXNoOwogICAgICAgIF9ldmlkZW5jZXNbaGFzaF0ub3duZXIgPSBvd25lcjsKICAgICAgICBfZXZpZGVuY2VzW2hhc2hdLnRpbWVzdGFtcCA9IHRpbWVzdGFtcDsKICAgIH0KICAgIAogICAgZnVuY3Rpb24gZ2V0RGF0YShieXRlczMyIGhhc2gpIHB1YmxpYyB2aWV3IHJldHVybnMoYnl0ZXMzMiAsIGFkZHJlc3MsIHVpbnQpewogICAgICAgIEV2aWRlbmNlRGF0YSBzdG9yYWdlIGV2aWRlbmNlID0gX2V2aWRlbmNlc1toYXNoXTsKICAgICAgICByZXF1aXJlKGV2aWRlbmNlLmhhc2ggPT0gaGFzaCwgIkV2aWRlbmNlIG5vdCBleGlzdCIpOwogICAgICAgIHJldHVybiAoZXZpZGVuY2UuaGFzaCwgZXZpZGVuY2Uub3duZXIsIGV2aWRlbmNlLnRpbWVzdGFtcCk7CiAgICB9Cn0K',
 'IyBFdmlkZW5jZeWtmOivgQoKIyMg566A5LuLCgrlrZjor4Hmk43kvZzvvIzkuIrkvKDjgIHlrqHmibnjgIHkv67mlLnjgIHliKDpmaTnrYnvvIzor6bmg4Xmn6XnnItbU21hcnQtRGV2IEV2aWRlbmNlIERvY10oaHR0cHM6Ly90b29sa2l0LWRvYy5yZWFkdGhlZG9jcy5pby96aF9DTi9sYXRlc3QvZG9jcy9XZUJhbmtCbG9ja2NoYWluLVNtYXJ0RGV2LUNvbnRyYWN0L2FwaS9idXNpbmVzc190ZW1wbGF0ZS9FdmlkZW5jZS5odG1sKQoK5ZCI57qm77yaCjEpIEV2aWRlbmNlQ29udHJvbGxlciDlr7nlpJbmnI3liqHnmoTllK/kuIDmjqXlj6MKMikgRXZpZGVuY2VSZXBvc2l0b3J5IOi+heWKqeWQiOe6pu+8jOeUqOS6juaVsOaNruWSjOmAu+i+keWIhuemuwozKSBSZXF1ZXN0UmVwb3NpdG9yeSDovoXliqnlkIjnuqbvvIznlKjkuo7mlbDmja7lkozpgLvovpHliIbnprsKNCkgQXV0aGVudGljYXRpb24g6L6F5Yqp5ZCI57qm77yM55So5LqO5pWw5o2u5ZKM6YC76L6R5YiG56a7', 'IyBFdmlkZW5jZeWtmOivgQoKIyMg566A5LuLCgrlrZjor4Hmk43kvZzvvIzkuIrkvKDjgIHlrqHmibnjgIHkv67mlLnjgIHliKDpmaTnrYnvvIzor6bmg4Xmn6XnnItbU21hcnQtRGV2IEV2aWRlbmNlIERvY10oaHR0cHM6Ly90b29sa2l0LWRvYy5yZWFkdGhlZG9jcy5pby96aF9DTi9sYXRlc3QvZG9jcy9XZUJhbmtCbG9ja2NoYWluLVNtYXJ0RGV2LUNvbnRyYWN0L2FwaS9idXNpbmVzc190ZW1wbGF0ZS9FdmlkZW5jZS5odG1sKQoK5ZCI57qm77yaCjEpIEV2aWRlbmNlQ29udHJvbGxlciDlr7nlpJbmnI3liqHnmoTllK/kuIDmjqXlj6MKMikgRXZpZGVuY2VSZXBvc2l0b3J5IOi+heWKqeWQiOe6pu+8jOeUqOS6juaVsOaNruWSjOmAu+i+keWIhuemuwozKSBSZXF1ZXN0UmVwb3NpdG9yeSDovoXliqnlkIjnuqbvvIznlKjkuo7mlbDmja7lkozpgLvovpHliIbnprsKNCkgQXV0aGVudGljYXRpb24g6L6F5Yqp5ZCI57qm77yM55So5LqO5pWw5o2u5ZKM6YC76L6R5YiG56a7', now(), now());
INSERT INTO `tb_contract_item` (`id`, `warehouse_id`, `contract_folder_id`, `contract_name`, `contract_source`, `description`, `description_en`, `create_time`, `modify_time`) VALUES
(21, 4, 5, 'RequestRepository', 'LyoKICogQ29weXJpZ2h0IDIwMTQtMjAxOSB0aGUgb3JpZ2luYWwgYXV0aG9yIG9yIGF1dGhvcnMuCiAqCiAqIExpY2Vuc2VkIHVuZGVyIHRoZSBBcGFjaGUgTGljZW5zZSwgVmVyc2lvbiAyLjAgKHRoZSAiTGljZW5zZSIpOwogKiB5b3UgbWF5IG5vdCB1c2UgdGhpcyBmaWxlIGV4Y2VwdCBpbiBjb21wbGlhbmNlIHdpdGggdGhlIExpY2Vuc2UuCiAqIFlvdSBtYXkgb2J0YWluIGEgY29weSBvZiB0aGUgTGljZW5zZSBhdAogKgogKiAgICAgIGh0dHA6Ly93d3cuYXBhY2hlLm9yZy9saWNlbnNlcy9MSUNFTlNFLTIuMAogKgogKiBVbmxlc3MgcmVxdWlyZWQgYnkgYXBwbGljYWJsZSBsYXcgb3IgYWdyZWVkIHRvIGluIHdyaXRpbmcsIHNvZnR3YXJlCiAqIGRpc3RyaWJ1dGVkIHVuZGVyIHRoZSBMaWNlbnNlIGlzIGRpc3RyaWJ1dGVkIG9uIGFuICJBUyBJUyIgQkFTSVMsCiAqIFdJVEhPVVQgV0FSUkFOVElFUyBPUiBDT05ESVRJT05TIE9GIEFOWSBLSU5ELCBlaXRoZXIgZXhwcmVzcyBvciBpbXBsaWVkLgogKiBTZWUgdGhlIExpY2Vuc2UgZm9yIHRoZSBzcGVjaWZpYyBsYW5ndWFnZSBnb3Zlcm5pbmcgcGVybWlzc2lvbnMgYW5kCiAqIGxpbWl0YXRpb25zIHVuZGVyIHRoZSBMaWNlbnNlLgogKiAqLwoKcHJhZ21hIHNvbGlkaXR5ID49MC40LjI0IDwwLjYuMTE7CgppbXBvcnQgIi4vQXV0aGVudGljYXRpb24uc29sIjsKCmNvbnRyYWN0IFJlcXVlc3RSZXBvc2l0b3J5IGlzIEF1dGhlbnRpY2F0aW9ueyAgICAKICAgIHN0cnVjdCBTYXZlUmVxdWVzdHsKICAgICAgICBieXRlczMyIGhhc2g7CiAgICAgICAgYWRkcmVzcyBjcmVhdG9yOwogICAgICAgIHVpbnQ4IHZvdGVkOwogICAgICAgIGJ5dGVzIGV4dDsKICAgICAgICBtYXBwaW5nKGFkZHJlc3M9PmJvb2wpIHN0YXR1czsKICAgIH0KICAgIHVpbnQ4IHB1YmxpYyBfdGhyZXNob2xkOwogICAgbWFwcGluZyhieXRlczMyPT5TYXZlUmVxdWVzdCkgcHJpdmF0ZSBfc2F2ZVJlcXVlc3RzOwogICAgbWFwcGluZyhhZGRyZXNzPT5ib29sKSBwcml2YXRlIF92b3RlcnM7CiAgICAKICAgIGNvbnN0cnVjdG9yKHVpbnQ4IHRocmVzaG9sZCwgYWRkcmVzc1tdIG1lbW9yeSB2b3RlckFycmF5KSBwdWJsaWN7CiAgICAgICAgX3RocmVzaG9sZCA9IHRocmVzaG9sZDsKICAgICAgICBmb3IodWludCBpPTA7aTx2b3RlckFycmF5Lmxlbmd0aDtpKyspewogICAgICAgICAgICBfdm90ZXJzW3ZvdGVyQXJyYXlbaV1dID0gdHJ1ZTsKICAgICAgICB9CiAgICB9CgogICAgZnVuY3Rpb24gY3JlYXRlU2F2ZVJlcXVlc3QoYnl0ZXMzMiBoYXNoLCBhZGRyZXNzIG93bmVyLCBieXRlcyBtZW1vcnkgZXh0KSBwdWJsaWMgYXV0aHsKICAgICAgICByZXF1aXJlKF9zYXZlUmVxdWVzdHNbaGFzaF0uaGFzaCA9PSAwLCAicmVxdWVzdCBhbHJlYWR5IGV4aXN0ZWQiKTsKICAgICAgICBfc2F2ZVJlcXVlc3RzW2hhc2hdLmhhc2ggPSBoYXNoOwogICAgICAgIF9zYXZlUmVxdWVzdHNbaGFzaF0uY3JlYXRvciA9IG93bmVyOwogICAgICAgIF9zYXZlUmVxdWVzdHNbaGFzaF0uZXh0ID0gZXh0OwogICAgfQoKICAgIGZ1bmN0aW9uIHZvdGVTYXZlUmVxdWVzdChieXRlczMyIGhhc2gsIGFkZHJlc3Mgdm90ZXIpIHB1YmxpYyBhdXRoIHJldHVybnMgKGJvb2wpewogICAgICAgIHJlcXVpcmUoX3ZvdGVyc1t2b3Rlcl0gPT0gdHJ1ZSwgIk5vdCBhbGxvd2VkIHRvIHZvdGUiKTsKICAgICAgICByZXF1aXJlKF9zYXZlUmVxdWVzdHNbaGFzaF0uaGFzaCA9PSBoYXNoLCAicmVxdWVzdCBub3QgZm91bmQiKTsKICAgICAgICBTYXZlUmVxdWVzdCBzdG9yYWdlIHJlcXVlc3QgPSBfc2F2ZVJlcXVlc3RzW2hhc2hdOwogICAgICAgIHJlcXVpcmUocmVxdWVzdC5zdGF0dXNbdm90ZXJdID09IGZhbHNlLCAiVm90ZXIgYWxyZWFkeSB2b3RlZCIpOwogICAgICAgIHJlcXVlc3Quc3RhdHVzW3ZvdGVyXSA9IHRydWU7CiAgICAgICAgcmVxdWVzdC52b3RlZCsrOwogICAgICAgIHJldHVybiB0cnVlOwogICAgfQogICAgCiAgICBmdW5jdGlvbiBnZXRSZXF1ZXN0RGF0YShieXRlczMyIGhhc2gpIHB1YmxpYyB2aWV3IAogICAgICByZXR1cm5zKGJ5dGVzMzIsIGFkZHJlc3MgY3JlYXRvciwgYnl0ZXMgbWVtb3J5IGV4dCwgdWludDggdm90ZWQsIHVpbnQ4IHRocmVzaG9sZCl7CiAgICAgICAgU2F2ZVJlcXVlc3Qgc3RvcmFnZSByZXF1ZXN0ID0gX3NhdmVSZXF1ZXN0c1toYXNoXTsKICAgICAgICByZXF1aXJlKF9zYXZlUmVxdWVzdHNbaGFzaF0uaGFzaCA9PSBoYXNoLCAicmVxdWVzdCBub3QgZm91bmQiKTsKICAgICAgICByZXR1cm4gKGhhc2gsIHJlcXVlc3QuY3JlYXRvciwgcmVxdWVzdC5leHQsIHJlcXVlc3Qudm90ZWQsIF90aHJlc2hvbGQpOwogICAgfQoKICAgIGZ1bmN0aW9uIGRlbGV0ZVNhdmVSZXF1ZXN0KGJ5dGVzMzIgaGFzaCkgcHVibGljIGF1dGggewogICAgICAgIHJlcXVpcmUoX3NhdmVSZXF1ZXN0c1toYXNoXS5oYXNoID09IGhhc2gsICJyZXF1ZXN0IG5vdCBmb3VuZCIpOwogICAgICAgIGRlbGV0ZSBfc2F2ZVJlcXVlc3RzW2hhc2hdOwogICAgfQp9Cg==',
'IyBFdmlkZW5jZeWtmOivgQoKIyMg566A5LuLCgrlrZjor4Hmk43kvZzvvIzkuIrkvKDjgIHlrqHmibnjgIHkv67mlLnjgIHliKDpmaTnrYnvvIzor6bmg4Xmn6XnnItbU21hcnQtRGV2IEV2aWRlbmNlIERvY10oaHR0cHM6Ly90b29sa2l0LWRvYy5yZWFkdGhlZG9jcy5pby96aF9DTi9sYXRlc3QvZG9jcy9XZUJhbmtCbG9ja2NoYWluLVNtYXJ0RGV2LUNvbnRyYWN0L2FwaS9idXNpbmVzc190ZW1wbGF0ZS9FdmlkZW5jZS5odG1sKQoK5ZCI57qm77yaCjEpIEV2aWRlbmNlQ29udHJvbGxlciDlr7nlpJbmnI3liqHnmoTllK/kuIDmjqXlj6MKMikgRXZpZGVuY2VSZXBvc2l0b3J5IOi+heWKqeWQiOe6pu+8jOeUqOS6juaVsOaNruWSjOmAu+i+keWIhuemuwozKSBSZXF1ZXN0UmVwb3NpdG9yeSDovoXliqnlkIjnuqbvvIznlKjkuo7mlbDmja7lkozpgLvovpHliIbnprsKNCkgQXV0aGVudGljYXRpb24g6L6F5Yqp5ZCI57qm77yM55So5LqO5pWw5o2u5ZKM6YC76L6R5YiG56a7', 'IyBFdmlkZW5jZeWtmOivgQoKIyMg566A5LuLCgrlrZjor4Hmk43kvZzvvIzkuIrkvKDjgIHlrqHmibnjgIHkv67mlLnjgIHliKDpmaTnrYnvvIzor6bmg4Xmn6XnnItbU21hcnQtRGV2IEV2aWRlbmNlIERvY10oaHR0cHM6Ly90b29sa2l0LWRvYy5yZWFkdGhlZG9jcy5pby96aF9DTi9sYXRlc3QvZG9jcy9XZUJhbmtCbG9ja2NoYWluLVNtYXJ0RGV2LUNvbnRyYWN0L2FwaS9idXNpbmVzc190ZW1wbGF0ZS9FdmlkZW5jZS5odG1sKQoK5ZCI57qm77yaCjEpIEV2aWRlbmNlQ29udHJvbGxlciDlr7nlpJbmnI3liqHnmoTllK/kuIDmjqXlj6MKMikgRXZpZGVuY2VSZXBvc2l0b3J5IOi+heWKqeWQiOe6pu+8jOeUqOS6juaVsOaNruWSjOmAu+i+keWIhuemuwozKSBSZXF1ZXN0UmVwb3NpdG9yeSDovoXliqnlkIjnuqbvvIznlKjkuo7mlbDmja7lkozpgLvovpHliIbnprsKNCkgQXV0aGVudGljYXRpb24g6L6F5Yqp5ZCI57qm77yM55So5LqO5pWw5o2u5ZKM6YC76L6R5YiG56a7', now(), now());
INSERT INTO `tb_contract_item` (`id`, `warehouse_id`, `contract_folder_id`, `contract_name`, `contract_source`, `description`, `description_en`, `create_time`, `modify_time`) VALUES
(22, 4, 5, 'Authentication', 'LyoKICogQ29weXJpZ2h0IDIwMTQtMjAxOSB0aGUgb3JpZ2luYWwgYXV0aG9yIG9yIGF1dGhvcnMuCiAqCiAqIExpY2Vuc2VkIHVuZGVyIHRoZSBBcGFjaGUgTGljZW5zZSwgVmVyc2lvbiAyLjAgKHRoZSAiTGljZW5zZSIpOwogKiB5b3UgbWF5IG5vdCB1c2UgdGhpcyBmaWxlIGV4Y2VwdCBpbiBjb21wbGlhbmNlIHdpdGggdGhlIExpY2Vuc2UuCiAqIFlvdSBtYXkgb2J0YWluIGEgY29weSBvZiB0aGUgTGljZW5zZSBhdAogKgogKiAgICAgIGh0dHA6Ly93d3cuYXBhY2hlLm9yZy9saWNlbnNlcy9MSUNFTlNFLTIuMAogKgogKiBVbmxlc3MgcmVxdWlyZWQgYnkgYXBwbGljYWJsZSBsYXcgb3IgYWdyZWVkIHRvIGluIHdyaXRpbmcsIHNvZnR3YXJlCiAqIGRpc3RyaWJ1dGVkIHVuZGVyIHRoZSBMaWNlbnNlIGlzIGRpc3RyaWJ1dGVkIG9uIGFuICJBUyBJUyIgQkFTSVMsCiAqIFdJVEhPVVQgV0FSUkFOVElFUyBPUiBDT05ESVRJT05TIE9GIEFOWSBLSU5ELCBlaXRoZXIgZXhwcmVzcyBvciBpbXBsaWVkLgogKiBTZWUgdGhlIExpY2Vuc2UgZm9yIHRoZSBzcGVjaWZpYyBsYW5ndWFnZSBnb3Zlcm5pbmcgcGVybWlzc2lvbnMgYW5kCiAqIGxpbWl0YXRpb25zIHVuZGVyIHRoZSBMaWNlbnNlLgogKiAqLwoKcHJhZ21hIHNvbGlkaXR5ID49MC40LjI0IDwwLjYuMTE7Cgpjb250cmFjdCBBdXRoZW50aWNhdGlvbnsKICAgIGFkZHJlc3MgcHVibGljIF9vd25lcjsKICAgIG1hcHBpbmcoYWRkcmVzcz0+Ym9vbCkgcHJpdmF0ZSBfYWNsOwoKICAgIGNvbnN0cnVjdG9yKCkgcHVibGljewogICAgICBfb3duZXIgPSBtc2cuc2VuZGVyOwogICAgfSAKCiAgICBtb2RpZmllciBvbmx5T3duZXIoKXsKICAgICAgcmVxdWlyZShtc2cuc2VuZGVyID09IF9vd25lciwgIk5vdCBhZG1pbiIpOwogICAgICBfOwogICAgfQoKICAgIG1vZGlmaWVyIGF1dGgoKXsKICAgICAgcmVxdWlyZShtc2cuc2VuZGVyID09IF9vd25lciB8fCBfYWNsW21zZy5zZW5kZXJdPT10cnVlLCAiTm90IGF1dGhlbnRpY2F0ZWQiKTsKICAgICAgXzsKICAgIH0KCiAgICBmdW5jdGlvbiBhbGxvdyhhZGRyZXNzIGFkZHIpIHB1YmxpYyBvbmx5T3duZXJ7CiAgICAgIF9hY2xbYWRkcl0gPSB0cnVlOwogICAgfQoKICAgIGZ1bmN0aW9uIGRlbnkoYWRkcmVzcyBhZGRyKSBwdWJsaWMgb25seU93bmVyewogICAgICBfYWNsW2FkZHJdID0gZmFsc2U7CiAgICB9Cn0K',
'IyBFdmlkZW5jZeWtmOivgQoKIyMg566A5LuLCgrlrZjor4Hmk43kvZzvvIzkuIrkvKDjgIHlrqHmibnjgIHkv67mlLnjgIHliKDpmaTnrYnvvIzor6bmg4Xmn6XnnItbU21hcnQtRGV2IEV2aWRlbmNlIERvY10oaHR0cHM6Ly90b29sa2l0LWRvYy5yZWFkdGhlZG9jcy5pby96aF9DTi9sYXRlc3QvZG9jcy9XZUJhbmtCbG9ja2NoYWluLVNtYXJ0RGV2LUNvbnRyYWN0L2FwaS9idXNpbmVzc190ZW1wbGF0ZS9FdmlkZW5jZS5odG1sKQoK5ZCI57qm77yaCjEpIEV2aWRlbmNlQ29udHJvbGxlciDlr7nlpJbmnI3liqHnmoTllK/kuIDmjqXlj6MKMikgRXZpZGVuY2VSZXBvc2l0b3J5IOi+heWKqeWQiOe6pu+8jOeUqOS6juaVsOaNruWSjOmAu+i+keWIhuemuwozKSBSZXF1ZXN0UmVwb3NpdG9yeSDovoXliqnlkIjnuqbvvIznlKjkuo7mlbDmja7lkozpgLvovpHliIbnprsKNCkgQXV0aGVudGljYXRpb24g6L6F5Yqp5ZCI57qm77yM55So5LqO5pWw5o2u5ZKM6YC76L6R5YiG56a7', 'IyBFdmlkZW5jZeWtmOivgQoKIyMg566A5LuLCgrlrZjor4Hmk43kvZzvvIzkuIrkvKDjgIHlrqHmibnjgIHkv67mlLnjgIHliKDpmaTnrYnvvIzor6bmg4Xmn6XnnItbU21hcnQtRGV2IEV2aWRlbmNlIERvY10oaHR0cHM6Ly90b29sa2l0LWRvYy5yZWFkdGhlZG9jcy5pby96aF9DTi9sYXRlc3QvZG9jcy9XZUJhbmtCbG9ja2NoYWluLVNtYXJ0RGV2LUNvbnRyYWN0L2FwaS9idXNpbmVzc190ZW1wbGF0ZS9FdmlkZW5jZS5odG1sKQoK5ZCI57qm77yaCjEpIEV2aWRlbmNlQ29udHJvbGxlciDlr7nlpJbmnI3liqHnmoTllK/kuIDmjqXlj6MKMikgRXZpZGVuY2VSZXBvc2l0b3J5IOi+heWKqeWQiOe6pu+8jOeUqOS6juaVsOaNruWSjOmAu+i+keWIhuemuwozKSBSZXF1ZXN0UmVwb3NpdG9yeSDovoXliqnlkIjnuqbvvIznlKjkuo7mlbDmja7lkozpgLvovpHliIbnprsKNCkgQXV0aGVudGljYXRpb24g6L6F5Yqp5ZCI57qm77yM55So5LqO5pWw5o2u5ZKM6YC76L6R5YiG56a7', now(), now());

-- 修改表 --
ALTER TABLE tb_contract_path ADD COLUMN account varchar(50) binary DEFAULT 'admin' COMMENT '关联账号' after group_id;

SET FOREIGN_KEY_CHECKS = 1;
